market_id,market_name,district_id
1,Surat,1
2,Ganaur,2
3,Erragadda(Rythu Bazar),3
4,Mehndipatnam(Rythu Bazar),4
5,Surat,5
6,Ganaur,6
7,Erragadda(Rythu Bazar),7
8,Mehndipatnam(Rythu Bazar),8
9,Surat,9
10,Ganaur,10
11,Erragadda(Rythu Bazar),11
12,Mehndipatnam(Rythu Bazar),12
13,Surat,13
14,Ganaur,14
15,Erragadda(Rythu Bazar),15
16,Mehndipatnam(Rythu Bazar),16
17,Surat,17
18,Ganaur,18
19,Erragadda(Rythu Bazar),19
20,Mehndipatnam(Rythu Bazar),20
21,Surat,21
22,Ganaur,22
23,Erragadda(Rythu Bazar),23
24,Mehndipatnam(Rythu Bazar),24
25,Surat,25
26,Ganaur,26
27,Erragadda(Rythu Bazar),27
28,Mehndipatnam(Rythu Bazar),28
29,Surat,29
30,Ganaur,30
31,Erragadda(Rythu Bazar),31
32,Mehndipatnam(Rythu Bazar),32
33,Surat,33
34,Ganaur,34
35,Erragadda(Rythu Bazar),35
36,Mehndipatnam(Rythu Bazar),36
37,Surat,37
38,Ganaur,38
39,Erragadda(Rythu Bazar),39
40,Mehndipatnam(Rythu Bazar),40
41,Surat,41
42,Ganaur,42
43,Erragadda(Rythu Bazar),43
44,Mehndipatnam(Rythu Bazar),44
45,Surat,45
46,Ganaur,46
47,Erragadda(Rythu Bazar),47
48,Mehndipatnam(Rythu Bazar),48
49,Surat,49
50,Ganaur,50
51,Erragadda(Rythu Bazar),51
52,Mehndipatnam(Rythu Bazar),52
53,Surat,53
54,Ganaur,54
55,Erragadda(Rythu Bazar),55
56,Mehndipatnam(Rythu Bazar),56
57,Surat,57
58,Ganaur,58
59,Erragadda(Rythu Bazar),59
60,Mehndipatnam(Rythu Bazar),60
61,Surat,61
62,Ganaur,62
63,Erragadda(Rythu Bazar),63
64,Mehndipatnam(Rythu Bazar),64
65,Surat,65
66,Ganaur,66
67,Erragadda(Rythu Bazar),67
68,Mehndipatnam(Rythu Bazar),68
69,Surat,69
70,Ganaur,70
71,Erragadda(Rythu Bazar),71
72,Mehndipatnam(Rythu Bazar),72
73,Surat,73
74,Ganaur,74
75,Erragadda(Rythu Bazar),75
76,Mehndipatnam(Rythu Bazar),76
77,Surat,77
78,Ganaur,78
79,Erragadda(Rythu Bazar),79
80,Mehndipatnam(Rythu Bazar),80
81,Surat,81
82,Ganaur,82
83,Erragadda(Rythu Bazar),83
84,Mehndipatnam(Rythu Bazar),84
85,Surat,85
86,Ganaur,86
87,Erragadda(Rythu Bazar),87
88,Mehndipatnam(Rythu Bazar),88
89,Surat,89
90,Ganaur,90
91,Erragadda(Rythu Bazar),91
92,Mehndipatnam(Rythu Bazar),92
93,Surat,93
94,Ganaur,94
95,Erragadda(Rythu Bazar),95
96,Mehndipatnam(Rythu Bazar),96
97,Surat,97
98,Ganaur,98
99,Erragadda(Rythu Bazar),99
100,Mehndipatnam(Rythu Bazar),100
101,Surat,101
102,Ganaur,102
103,Erragadda(Rythu Bazar),103
104,Mehndipatnam(Rythu Bazar),104
105,Surat,105
106,Ganaur,106
107,Erragadda(Rythu Bazar),107
108,Mehndipatnam(Rythu Bazar),108
109,Surat,109
110,Ganaur,110
111,Erragadda(Rythu Bazar),111
112,Mehndipatnam(Rythu Bazar),112
113,Surat,113
114,Ganaur,114
115,Erragadda(Rythu Bazar),115
116,Mehndipatnam(Rythu Bazar),116
117,Surat,117
118,Ganaur,118
119,Erragadda(Rythu Bazar),119
120,Mehndipatnam(Rythu Bazar),120
121,Surat,121
122,Ganaur,122
123,Erragadda(Rythu Bazar),123
124,Mehndipatnam(Rythu Bazar),124
125,Surat,125
126,Ganaur,126
127,Erragadda(Rythu Bazar),127
128,Mehndipatnam(Rythu Bazar),128
129,Surat,129
130,Ganaur,130
131,Erragadda(Rythu Bazar),131
132,Mehndipatnam(Rythu Bazar),132
133,Surat,133
134,Ganaur,134
135,Erragadda(Rythu Bazar),135
136,Mehndipatnam(Rythu Bazar),136
137,Surat,137
138,Ganaur,138
139,Erragadda(Rythu Bazar),139
140,Mehndipatnam(Rythu Bazar),140
141,Surat,141
142,Ganaur,142
143,Erragadda(Rythu Bazar),143
144,Mehndipatnam(Rythu Bazar),144
145,Surat,145
146,Ganaur,146
147,Erragadda(Rythu Bazar),147
148,Mehndipatnam(Rythu Bazar),148
149,Surat,149
150,Ganaur,150
151,Erragadda(Rythu Bazar),151
152,Mehndipatnam(Rythu Bazar),152
153,Surat,153
154,Ganaur,154
155,Erragadda(Rythu Bazar),155
156,Mehndipatnam(Rythu Bazar),156
157,Surat,157
158,Ganaur,158
159,Erragadda(Rythu Bazar),159
160,Mehndipatnam(Rythu Bazar),160
161,Surat,161
162,Ganaur,162
163,Erragadda(Rythu Bazar),163
164,Mehndipatnam(Rythu Bazar),164
165,Surat,165
166,Ganaur,166
167,Erragadda(Rythu Bazar),167
168,Mehndipatnam(Rythu Bazar),168
169,Surat,169
170,Ganaur,170
171,Erragadda(Rythu Bazar),171
172,Mehndipatnam(Rythu Bazar),172
173,Surat,173
174,Ganaur,174
175,Erragadda(Rythu Bazar),175
176,Mehndipatnam(Rythu Bazar),176
177,Surat,177
178,Ganaur,178
179,Erragadda(Rythu Bazar),179
180,Mehndipatnam(Rythu Bazar),180
181,Surat,181
182,Ganaur,182
183,Erragadda(Rythu Bazar),183
184,Mehndipatnam(Rythu Bazar),184
185,Surat,185
186,Ganaur,186
187,Erragadda(Rythu Bazar),187
188,Mehndipatnam(Rythu Bazar),188
189,Surat,189
190,Ganaur,190
191,Erragadda(Rythu Bazar),191
192,Mehndipatnam(Rythu Bazar),192
193,Surat,193
194,Ganaur,194
195,Erragadda(Rythu Bazar),195
196,Mehndipatnam(Rythu Bazar),196
197,Surat,197
198,Ganaur,198
199,Erragadda(Rythu Bazar),199
200,Mehndipatnam(Rythu Bazar),200
201,Surat,201
202,Ganaur,202
203,Erragadda(Rythu Bazar),203
204,Mehndipatnam(Rythu Bazar),204
205,Surat,205
206,Ganaur,206
207,Erragadda(Rythu Bazar),207
208,Mehndipatnam(Rythu Bazar),208
209,Surat,209
210,Ganaur,210
211,Erragadda(Rythu Bazar),211
212,Mehndipatnam(Rythu Bazar),212
213,Surat,213
214,Ganaur,214
215,Erragadda(Rythu Bazar),215
216,Mehndipatnam(Rythu Bazar),216
217,Surat,217
218,Ganaur,218
219,Erragadda(Rythu Bazar),219
220,Mehndipatnam(Rythu Bazar),220
221,Surat,221
222,Ganaur,222
223,Erragadda(Rythu Bazar),223
224,Mehndipatnam(Rythu Bazar),224
225,Surat,225
226,Ganaur,226
227,Erragadda(Rythu Bazar),227
228,Mehndipatnam(Rythu Bazar),228
229,Surat,229
230,Ganaur,230
231,Erragadda(Rythu Bazar),231
232,Mehndipatnam(Rythu Bazar),232
233,Surat,233
234,Ganaur,234
235,Erragadda(Rythu Bazar),235
236,Mehndipatnam(Rythu Bazar),236
237,Surat,237
238,Ganaur,238
239,Erragadda(Rythu Bazar),239
240,Mehndipatnam(Rythu Bazar),240
241,Surat,241
242,Ganaur,242
243,Erragadda(Rythu Bazar),243
244,Mehndipatnam(Rythu Bazar),244
245,Surat,245
246,Ganaur,246
247,Erragadda(Rythu Bazar),247
248,Mehndipatnam(Rythu Bazar),248
249,Surat,249
250,Ganaur,250
251,Erragadda(Rythu Bazar),251
252,Mehndipatnam(Rythu Bazar),252
253,Surat,253
254,Ganaur,254
255,Erragadda(Rythu Bazar),255
256,Mehndipatnam(Rythu Bazar),256
257,Surat,257
258,Ganaur,258
259,Erragadda(Rythu Bazar),259
260,Mehndipatnam(Rythu Bazar),260
261,Surat,261
262,Ganaur,262
263,Erragadda(Rythu Bazar),263
264,Mehndipatnam(Rythu Bazar),264
265,Surat,265
266,Ganaur,266
267,Erragadda(Rythu Bazar),267
268,Mehndipatnam(Rythu Bazar),268
269,Surat,269
270,Ganaur,270
271,Erragadda(Rythu Bazar),271
272,Mehndipatnam(Rythu Bazar),272
273,Surat,273
274,Ganaur,274
275,Erragadda(Rythu Bazar),275
276,Mehndipatnam(Rythu Bazar),276
277,Surat,277
278,Ganaur,278
279,Erragadda(Rythu Bazar),279
280,Mehndipatnam(Rythu Bazar),280
281,Surat,281
282,Ganaur,282
283,Erragadda(Rythu Bazar),283
284,Mehndipatnam(Rythu Bazar),284
285,Surat,285
286,Ganaur,286
287,Erragadda(Rythu Bazar),287
288,Mehndipatnam(Rythu Bazar),288
289,Surat,289
290,Ganaur,290
291,Erragadda(Rythu Bazar),291
292,Mehndipatnam(Rythu Bazar),292
293,Surat,293
294,Ganaur,294
295,Erragadda(Rythu Bazar),295
296,Mehndipatnam(Rythu Bazar),296
297,Surat,297
298,Ganaur,298
299,Erragadda(Rythu Bazar),299
300,Mehndipatnam(Rythu Bazar),300
301,Surat,301
302,Ganaur,302
303,Erragadda(Rythu Bazar),303
304,Mehndipatnam(Rythu Bazar),304
305,Surat,305
306,Ganaur,306
307,Erragadda(Rythu Bazar),307
308,Mehndipatnam(Rythu Bazar),308
309,Surat,309
310,Ganaur,310
311,Erragadda(Rythu Bazar),311
312,Mehndipatnam(Rythu Bazar),312
313,Surat,313
314,Ganaur,314
315,Erragadda(Rythu Bazar),315
316,Mehndipatnam(Rythu Bazar),316
317,Surat,317
318,Ganaur,318
319,Erragadda(Rythu Bazar),319
320,Mehndipatnam(Rythu Bazar),320
321,Surat,321
322,Ganaur,322
323,Erragadda(Rythu Bazar),323
324,Mehndipatnam(Rythu Bazar),324
325,Surat,325
326,Ganaur,326
327,Erragadda(Rythu Bazar),327
328,Mehndipatnam(Rythu Bazar),328
329,Surat,329
330,Ganaur,330
331,Erragadda(Rythu Bazar),331
332,Mehndipatnam(Rythu Bazar),332
333,Surat,333
334,Ganaur,334
335,Erragadda(Rythu Bazar),335
336,Mehndipatnam(Rythu Bazar),336
337,Surat,337
338,Ganaur,338
339,Erragadda(Rythu Bazar),339
340,Mehndipatnam(Rythu Bazar),340
341,Surat,341
342,Ganaur,342
343,Erragadda(Rythu Bazar),343
344,Mehndipatnam(Rythu Bazar),344
345,Surat,345
346,Ganaur,346
347,Erragadda(Rythu Bazar),347
348,Mehndipatnam(Rythu Bazar),348
349,Surat,349
350,Ganaur,350
351,Erragadda(Rythu Bazar),351
352,Mehndipatnam(Rythu Bazar),352
353,Surat,353
354,Ganaur,354
355,Erragadda(Rythu Bazar),355
356,Mehndipatnam(Rythu Bazar),356
357,Surat,357
358,Ganaur,358
359,Erragadda(Rythu Bazar),359
360,Mehndipatnam(Rythu Bazar),360
361,Surat,361
362,Ganaur,362
363,Erragadda(Rythu Bazar),363
364,Mehndipatnam(Rythu Bazar),364
365,Surat,365
366,Ganaur,366
367,Erragadda(Rythu Bazar),367
368,Mehndipatnam(Rythu Bazar),368
369,Surat,369
370,Ganaur,370
371,Erragadda(Rythu Bazar),371
372,Mehndipatnam(Rythu Bazar),372
373,Surat,373
374,Ganaur,374
375,Erragadda(Rythu Bazar),375
376,Mehndipatnam(Rythu Bazar),376
377,Surat,377
378,Ganaur,378
379,Erragadda(Rythu Bazar),379
380,Mehndipatnam(Rythu Bazar),380
381,Surat,381
382,Ganaur,382
383,Erragadda(Rythu Bazar),383
384,Mehndipatnam(Rythu Bazar),384
385,Surat,385
386,Ganaur,386
387,Erragadda(Rythu Bazar),387
388,Mehndipatnam(Rythu Bazar),388
389,Surat,389
390,Ganaur,390
391,Erragadda(Rythu Bazar),391
392,Mehndipatnam(Rythu Bazar),392
393,Surat,393
394,Ganaur,394
395,Erragadda(Rythu Bazar),395
396,Mehndipatnam(Rythu Bazar),396
397,Surat,397
398,Ganaur,398
399,Erragadda(Rythu Bazar),399
400,Mehndipatnam(Rythu Bazar),400
401,Surat,401
402,Ganaur,402
403,Erragadda(Rythu Bazar),403
404,Mehndipatnam(Rythu Bazar),404
405,Surat,405
406,Ganaur,406
407,Erragadda(Rythu Bazar),407
408,Mehndipatnam(Rythu Bazar),408
409,Surat,409
410,Ganaur,410
411,Erragadda(Rythu Bazar),411
412,Mehndipatnam(Rythu Bazar),412
413,Surat,413
414,Ganaur,414
415,Erragadda(Rythu Bazar),415
416,Mehndipatnam(Rythu Bazar),416
417,Surat,417
418,Ganaur,418
419,Erragadda(Rythu Bazar),419
420,Mehndipatnam(Rythu Bazar),420
421,Surat,421
422,Ganaur,422
423,Erragadda(Rythu Bazar),423
424,Mehndipatnam(Rythu Bazar),424
425,Surat,425
426,Ganaur,426
427,Erragadda(Rythu Bazar),427
428,Mehndipatnam(Rythu Bazar),428
429,Surat,429
430,Ganaur,430
431,Erragadda(Rythu Bazar),431
432,Mehndipatnam(Rythu Bazar),432
433,Surat,433
434,Ganaur,434
435,Erragadda(Rythu Bazar),435
436,Mehndipatnam(Rythu Bazar),436
437,Surat,437
438,Ganaur,438
439,Erragadda(Rythu Bazar),439
440,Mehndipatnam(Rythu Bazar),440
441,Surat,441
442,Ganaur,442
443,Erragadda(Rythu Bazar),443
444,Mehndipatnam(Rythu Bazar),444
445,Surat,445
446,Ganaur,446
447,Erragadda(Rythu Bazar),447
448,Mehndipatnam(Rythu Bazar),448
449,Surat,449
450,Ganaur,450
451,Erragadda(Rythu Bazar),451
452,Mehndipatnam(Rythu Bazar),452
453,Surat,453
454,Ganaur,454
455,Erragadda(Rythu Bazar),455
456,Mehndipatnam(Rythu Bazar),456
457,Surat,457
458,Ganaur,458
459,Erragadda(Rythu Bazar),459
460,Mehndipatnam(Rythu Bazar),460
461,Surat,461
462,Ganaur,462
463,Erragadda(Rythu Bazar),463
464,Mehndipatnam(Rythu Bazar),464
465,Surat,465
466,Ganaur,466
467,Erragadda(Rythu Bazar),467
468,Mehndipatnam(Rythu Bazar),468
469,Surat,469
470,Ganaur,470
471,Erragadda(Rythu Bazar),471
472,Mehndipatnam(Rythu Bazar),472
473,Surat,473
474,Ganaur,474
475,Erragadda(Rythu Bazar),475
476,Mehndipatnam(Rythu Bazar),476
477,Surat,477
478,Ganaur,478
479,Erragadda(Rythu Bazar),479
480,Mehndipatnam(Rythu Bazar),480
481,Surat,481
482,Ganaur,482
483,Erragadda(Rythu Bazar),483
484,Mehndipatnam(Rythu Bazar),484
485,Surat,485
486,Ganaur,486
487,Erragadda(Rythu Bazar),487
488,Mehndipatnam(Rythu Bazar),488
489,Surat,489
490,Ganaur,490
491,Erragadda(Rythu Bazar),491
492,Mehndipatnam(Rythu Bazar),492
493,Surat,493
494,Ganaur,494
495,Erragadda(Rythu Bazar),495
496,Mehndipatnam(Rythu Bazar),496
497,Surat,497
498,Ganaur,498
499,Erragadda(Rythu Bazar),499
500,Mehndipatnam(Rythu Bazar),500
501,Surat,501
502,Ganaur,502
503,Erragadda(Rythu Bazar),503
504,Mehndipatnam(Rythu Bazar),504
505,Surat,505
506,Ganaur,506
507,Erragadda(Rythu Bazar),507
508,Mehndipatnam(Rythu Bazar),508
509,Surat,509
510,Ganaur,510
511,Erragadda(Rythu Bazar),511
512,Mehndipatnam(Rythu Bazar),512
513,Surat,513
514,Ganaur,514
515,Erragadda(Rythu Bazar),515
516,Mehndipatnam(Rythu Bazar),516
517,Surat,517
518,Ganaur,518
519,Erragadda(Rythu Bazar),519
520,Mehndipatnam(Rythu Bazar),520
521,Surat,521
522,Ganaur,522
523,Erragadda(Rythu Bazar),523
524,Mehndipatnam(Rythu Bazar),524
525,Surat,525
526,Ganaur,526
527,Erragadda(Rythu Bazar),527
528,Mehndipatnam(Rythu Bazar),528
529,Surat,529
530,Ganaur,530
531,Erragadda(Rythu Bazar),531
532,Mehndipatnam(Rythu Bazar),532
533,Surat,533
534,Ganaur,534
535,Erragadda(Rythu Bazar),535
536,Mehndipatnam(Rythu Bazar),536
537,Surat,537
538,Ganaur,538
539,Erragadda(Rythu Bazar),539
540,Mehndipatnam(Rythu Bazar),540
541,Surat,541
542,Ganaur,542
543,Erragadda(Rythu Bazar),543
544,Mehndipatnam(Rythu Bazar),544
545,Surat,545
546,Ganaur,546
547,Erragadda(Rythu Bazar),547
548,Mehndipatnam(Rythu Bazar),548
549,Surat,549
550,Ganaur,550
551,Erragadda(Rythu Bazar),551
552,Mehndipatnam(Rythu Bazar),552
553,Surat,553
554,Ganaur,554
555,Erragadda(Rythu Bazar),555
556,Mehndipatnam(Rythu Bazar),556
557,Surat,557
558,Ganaur,558
559,Erragadda(Rythu Bazar),559
560,Mehndipatnam(Rythu Bazar),560
561,Surat,561
562,Ganaur,562
563,Erragadda(Rythu Bazar),563
564,Mehndipatnam(Rythu Bazar),564
565,Surat,565
566,Ganaur,566
567,Erragadda(Rythu Bazar),567
568,Mehndipatnam(Rythu Bazar),568
569,Surat,569
570,Ganaur,570
571,Erragadda(Rythu Bazar),571
572,Mehndipatnam(Rythu Bazar),572
573,Surat,573
574,Ganaur,574
575,Erragadda(Rythu Bazar),575
576,Mehndipatnam(Rythu Bazar),576
577,Surat,577
578,Ganaur,578
579,Erragadda(Rythu Bazar),579
580,Mehndipatnam(Rythu Bazar),580
581,Surat,581
582,Ganaur,582
583,Erragadda(Rythu Bazar),583
584,Mehndipatnam(Rythu Bazar),584
585,Surat,585
586,Ganaur,586
587,Erragadda(Rythu Bazar),587
588,Mehndipatnam(Rythu Bazar),588
589,Surat,589
590,Ganaur,590
591,Erragadda(Rythu Bazar),591
592,Mehndipatnam(Rythu Bazar),592
593,Surat,593
594,Ganaur,594
595,Erragadda(Rythu Bazar),595
596,Mehndipatnam(Rythu Bazar),596
597,Surat,597
598,Ganaur,598
599,Erragadda(Rythu Bazar),599
600,Mehndipatnam(Rythu Bazar),600
601,Surat,601
602,Ganaur,602
603,Erragadda(Rythu Bazar),603
604,Mehndipatnam(Rythu Bazar),604
605,Surat,605
606,Ganaur,606
607,Erragadda(Rythu Bazar),607
608,Mehndipatnam(Rythu Bazar),608
609,Surat,609
610,Ganaur,610
611,Erragadda(Rythu Bazar),611
612,Mehndipatnam(Rythu Bazar),612
613,Surat,613
614,Ganaur,614
615,Erragadda(Rythu Bazar),615
616,Mehndipatnam(Rythu Bazar),616
617,Surat,617
618,Ganaur,618
619,Erragadda(Rythu Bazar),619
620,Mehndipatnam(Rythu Bazar),620
621,Surat,621
622,Ganaur,622
623,Erragadda(Rythu Bazar),623
624,Mehndipatnam(Rythu Bazar),624
625,Surat,625
626,Ganaur,626
627,Erragadda(Rythu Bazar),627
628,Mehndipatnam(Rythu Bazar),628
629,Surat,629
630,Ganaur,630
631,Erragadda(Rythu Bazar),631
632,Mehndipatnam(Rythu Bazar),632
633,Surat,633
634,Ganaur,634
635,Erragadda(Rythu Bazar),635
636,Mehndipatnam(Rythu Bazar),636
637,Surat,637
638,Ganaur,638
639,Erragadda(Rythu Bazar),639
640,Mehndipatnam(Rythu Bazar),640
641,Surat,641
642,Ganaur,642
643,Erragadda(Rythu Bazar),643
644,Mehndipatnam(Rythu Bazar),644
645,Surat,645
646,Ganaur,646
647,Erragadda(Rythu Bazar),647
648,Mehndipatnam(Rythu Bazar),648
649,Surat,649
650,Ganaur,650
651,Erragadda(Rythu Bazar),651
652,Mehndipatnam(Rythu Bazar),652
653,Surat,653
654,Ganaur,654
655,Erragadda(Rythu Bazar),655
656,Mehndipatnam(Rythu Bazar),656
657,Surat,657
658,Ganaur,658
659,Erragadda(Rythu Bazar),659
660,Mehndipatnam(Rythu Bazar),660
661,Surat,661
662,Ganaur,662
663,Erragadda(Rythu Bazar),663
664,Mehndipatnam(Rythu Bazar),664
665,Surat,665
666,Ganaur,666
667,Erragadda(Rythu Bazar),667
668,Mehndipatnam(Rythu Bazar),668
669,Surat,669
670,Ganaur,670
671,Erragadda(Rythu Bazar),671
672,Mehndipatnam(Rythu Bazar),672
673,Surat,673
674,Ganaur,674
675,Erragadda(Rythu Bazar),675
676,Mehndipatnam(Rythu Bazar),676
677,Surat,677
678,Ganaur,678
679,Erragadda(Rythu Bazar),679
680,Mehndipatnam(Rythu Bazar),680
681,Surat,681
682,Ganaur,682
683,Erragadda(Rythu Bazar),683
684,Mehndipatnam(Rythu Bazar),684
685,Surat,685
686,Ganaur,686
687,Erragadda(Rythu Bazar),687
688,Mehndipatnam(Rythu Bazar),688
689,Surat,689
690,Ganaur,690
691,Erragadda(Rythu Bazar),691
692,Mehndipatnam(Rythu Bazar),692
693,Surat,693
694,Ganaur,694
695,Erragadda(Rythu Bazar),695
696,Mehndipatnam(Rythu Bazar),696
697,Surat,697
698,Ganaur,698
699,Erragadda(Rythu Bazar),699
700,Mehndipatnam(Rythu Bazar),700
701,Surat,701
702,Ganaur,702
703,Erragadda(Rythu Bazar),703
704,Mehndipatnam(Rythu Bazar),704
705,Surat,705
706,Ganaur,706
707,Erragadda(Rythu Bazar),707
708,Mehndipatnam(Rythu Bazar),708
709,Surat,709
710,Ganaur,710
711,Erragadda(Rythu Bazar),711
712,Mehndipatnam(Rythu Bazar),712
713,Surat,713
714,Ganaur,714
715,Erragadda(Rythu Bazar),715
716,Mehndipatnam(Rythu Bazar),716
717,Surat,717
718,Ganaur,718
719,Erragadda(Rythu Bazar),719
720,Mehndipatnam(Rythu Bazar),720
721,Surat,721
722,Ganaur,722
723,Erragadda(Rythu Bazar),723
724,Mehndipatnam(Rythu Bazar),724
725,Surat,725
726,Ganaur,726
727,Erragadda(Rythu Bazar),727
728,Mehndipatnam(Rythu Bazar),728
729,Surat,729
730,Ganaur,730
731,Erragadda(Rythu Bazar),731
732,Mehndipatnam(Rythu Bazar),732
733,Surat,733
734,Ganaur,734
735,Erragadda(Rythu Bazar),735
736,Mehndipatnam(Rythu Bazar),736
737,Surat,737
738,Ganaur,738
739,Erragadda(Rythu Bazar),739
740,Mehndipatnam(Rythu Bazar),740
741,Surat,741
742,Ganaur,742
743,Erragadda(Rythu Bazar),743
744,Mehndipatnam(Rythu Bazar),744
745,Surat,745
746,Ganaur,746
747,Erragadda(Rythu Bazar),747
748,Mehndipatnam(Rythu Bazar),748
749,Surat,749
750,Ganaur,750
751,Erragadda(Rythu Bazar),751
752,Mehndipatnam(Rythu Bazar),752
753,Surat,753
754,Ganaur,754
755,Erragadda(Rythu Bazar),755
756,Mehndipatnam(Rythu Bazar),756
757,Surat,757
758,Ganaur,758
759,Erragadda(Rythu Bazar),759
760,Mehndipatnam(Rythu Bazar),760
761,Surat,761
762,Ganaur,762
763,Erragadda(Rythu Bazar),763
764,Mehndipatnam(Rythu Bazar),764
765,Surat,765
766,Ganaur,766
767,Erragadda(Rythu Bazar),767
768,Mehndipatnam(Rythu Bazar),768
769,Surat,769
770,Ganaur,770
771,Erragadda(Rythu Bazar),771
772,Mehndipatnam(Rythu Bazar),772
773,Surat,773
774,Ganaur,774
775,Erragadda(Rythu Bazar),775
776,Mehndipatnam(Rythu Bazar),776
777,Surat,777
778,Ganaur,778
779,Erragadda(Rythu Bazar),779
780,Mehndipatnam(Rythu Bazar),780
781,Surat,781
782,Ganaur,782
783,Erragadda(Rythu Bazar),783
784,Mehndipatnam(Rythu Bazar),784
785,Surat,785
786,Ganaur,786
787,Erragadda(Rythu Bazar),787
788,Mehndipatnam(Rythu Bazar),788
789,Surat,789
790,Ganaur,790
791,Erragadda(Rythu Bazar),791
792,Mehndipatnam(Rythu Bazar),792
793,Surat,793
794,Ganaur,794
795,Erragadda(Rythu Bazar),795
796,Mehndipatnam(Rythu Bazar),796
797,Surat,797
798,Ganaur,798
799,Erragadda(Rythu Bazar),799
800,Mehndipatnam(Rythu Bazar),800
801,Surat,801
802,Ganaur,802
803,Erragadda(Rythu Bazar),803
804,Mehndipatnam(Rythu Bazar),804
805,Surat,805
806,Ganaur,806
807,Erragadda(Rythu Bazar),807
808,Mehndipatnam(Rythu Bazar),808
809,Surat,809
810,Ganaur,810
811,Erragadda(Rythu Bazar),811
812,Mehndipatnam(Rythu Bazar),812
813,Surat,813
814,Ganaur,814
815,Erragadda(Rythu Bazar),815
816,Mehndipatnam(Rythu Bazar),816
817,Surat,817
818,Ganaur,818
819,Erragadda(Rythu Bazar),819
820,Mehndipatnam(Rythu Bazar),820
821,Surat,821
822,Ganaur,822
823,Erragadda(Rythu Bazar),823
824,Mehndipatnam(Rythu Bazar),824
825,Surat,825
826,Ganaur,826
827,Erragadda(Rythu Bazar),827
828,Mehndipatnam(Rythu Bazar),828
829,Surat,829
830,Ganaur,830
831,Erragadda(Rythu Bazar),831
832,Mehndipatnam(Rythu Bazar),832
833,Surat,833
834,Ganaur,834
835,Erragadda(Rythu Bazar),835
836,Mehndipatnam(Rythu Bazar),836
837,Surat,837
838,Ganaur,838
839,Erragadda(Rythu Bazar),839
840,Mehndipatnam(Rythu Bazar),840
841,Surat,841
842,Ganaur,842
843,Erragadda(Rythu Bazar),843
844,Mehndipatnam(Rythu Bazar),844
845,Surat,845
846,Ganaur,846
847,Erragadda(Rythu Bazar),847
848,Mehndipatnam(Rythu Bazar),848
849,Surat,849
850,Ganaur,850
851,Erragadda(Rythu Bazar),851
852,Mehndipatnam(Rythu Bazar),852
853,Surat,853
854,Ganaur,854
855,Erragadda(Rythu Bazar),855
856,Mehndipatnam(Rythu Bazar),856
857,Surat,857
858,Ganaur,858
859,Erragadda(Rythu Bazar),859
860,Mehndipatnam(Rythu Bazar),860
861,Surat,861
862,Ganaur,862
863,Erragadda(Rythu Bazar),863
864,Mehndipatnam(Rythu Bazar),864
865,Surat,865
866,Ganaur,866
867,Erragadda(Rythu Bazar),867
868,Mehndipatnam(Rythu Bazar),868
869,Surat,869
870,Ganaur,870
871,Erragadda(Rythu Bazar),871
872,Mehndipatnam(Rythu Bazar),872
873,Surat,873
874,Ganaur,874
875,Erragadda(Rythu Bazar),875
876,Mehndipatnam(Rythu Bazar),876
877,Surat,877
878,Ganaur,878
879,Erragadda(Rythu Bazar),879
880,Mehndipatnam(Rythu Bazar),880
881,Surat,881
882,Ganaur,882
883,Erragadda(Rythu Bazar),883
884,Mehndipatnam(Rythu Bazar),884
885,Surat,885
886,Ganaur,886
887,Erragadda(Rythu Bazar),887
888,Mehndipatnam(Rythu Bazar),888
889,Surat,889
890,Ganaur,890
891,Erragadda(Rythu Bazar),891
892,Mehndipatnam(Rythu Bazar),892
893,Surat,893
894,Ganaur,894
895,Erragadda(Rythu Bazar),895
896,Mehndipatnam(Rythu Bazar),896
897,Surat,897
898,Ganaur,898
899,Erragadda(Rythu Bazar),899
900,Mehndipatnam(Rythu Bazar),900
901,Surat,901
902,Ganaur,902
903,Erragadda(Rythu Bazar),903
904,Mehndipatnam(Rythu Bazar),904
905,Surat,905
906,Ganaur,906
907,Erragadda(Rythu Bazar),907
908,Mehndipatnam(Rythu Bazar),908
909,Surat,909
910,Ganaur,910
911,Erragadda(Rythu Bazar),911
912,Mehndipatnam(Rythu Bazar),912
913,Surat,913
914,Ganaur,914
915,Erragadda(Rythu Bazar),915
916,Mehndipatnam(Rythu Bazar),916
917,Surat,917
918,Ganaur,918
919,Erragadda(Rythu Bazar),919
920,Mehndipatnam(Rythu Bazar),920
921,Surat,921
922,Ganaur,922
923,Erragadda(Rythu Bazar),923
924,Mehndipatnam(Rythu Bazar),924
925,Surat,925
926,Ganaur,926
927,Erragadda(Rythu Bazar),927
928,Mehndipatnam(Rythu Bazar),928
929,Surat,929
930,Ganaur,930
931,Erragadda(Rythu Bazar),931
932,Mehndipatnam(Rythu Bazar),932
933,Surat,933
934,Ganaur,934
935,Erragadda(Rythu Bazar),935
936,Mehndipatnam(Rythu Bazar),936
937,Surat,937
938,Ganaur,938
939,Erragadda(Rythu Bazar),939
940,Mehndipatnam(Rythu Bazar),940
941,Surat,941
942,Ganaur,942
943,Erragadda(Rythu Bazar),943
944,Mehndipatnam(Rythu Bazar),944
945,Surat,945
946,Ganaur,946
947,Erragadda(Rythu Bazar),947
948,Mehndipatnam(Rythu Bazar),948
949,Surat,949
950,Ganaur,950
951,Erragadda(Rythu Bazar),951
952,Mehndipatnam(Rythu Bazar),952
953,Surat,953
954,Ganaur,954
955,Erragadda(Rythu Bazar),955
956,Mehndipatnam(Rythu Bazar),956
957,Surat,957
958,Ganaur,958
959,Erragadda(Rythu Bazar),959
960,Mehndipatnam(Rythu Bazar),960
961,Surat,961
962,Ganaur,962
963,Erragadda(Rythu Bazar),963
964,Mehndipatnam(Rythu Bazar),964
965,Surat,965
966,Ganaur,966
967,Erragadda(Rythu Bazar),967
968,Mehndipatnam(Rythu Bazar),968
969,Surat,969
970,Ganaur,970
971,Erragadda(Rythu Bazar),971
972,Mehndipatnam(Rythu Bazar),972
973,Surat,973
974,Ganaur,974
975,Erragadda(Rythu Bazar),975
976,Mehndipatnam(Rythu Bazar),976
977,Surat,977
978,Ganaur,978
979,Erragadda(Rythu Bazar),979
980,Mehndipatnam(Rythu Bazar),980
981,Surat,981
982,Ganaur,982
983,Erragadda(Rythu Bazar),983
984,Mehndipatnam(Rythu Bazar),984
985,Surat,985
986,Ganaur,986
987,Erragadda(Rythu Bazar),987
988,Mehndipatnam(Rythu Bazar),988
989,Surat,989
990,Ganaur,990
991,Erragadda(Rythu Bazar),991
992,Mehndipatnam(Rythu Bazar),992
993,Surat,993
994,Ganaur,994
995,Erragadda(Rythu Bazar),995
996,Mehndipatnam(Rythu Bazar),996
997,Surat,997
998,Ganaur,998
999,Erragadda(Rythu Bazar),999
1000,Mehndipatnam(Rythu Bazar),1000
1001,Surat,1001
1002,Ganaur,1002
1003,Erragadda(Rythu Bazar),1003
1004,Mehndipatnam(Rythu Bazar),1004
1005,Surat,1005
1006,Ganaur,1006
1007,Erragadda(Rythu Bazar),1007
1008,Mehndipatnam(Rythu Bazar),1008
1009,Surat,1009
1010,Ganaur,1010
1011,Erragadda(Rythu Bazar),1011
1012,Mehndipatnam(Rythu Bazar),1012
1013,Surat,1013
1014,Ganaur,1014
1015,Erragadda(Rythu Bazar),1015
1016,Mehndipatnam(Rythu Bazar),1016
1017,Surat,1017
1018,Ganaur,1018
1019,Erragadda(Rythu Bazar),1019
1020,Mehndipatnam(Rythu Bazar),1020
1021,Surat,1021
1022,Ganaur,1022
1023,Erragadda(Rythu Bazar),1023
1024,Mehndipatnam(Rythu Bazar),1024
1025,Surat,1025
1026,Ganaur,1026
1027,Erragadda(Rythu Bazar),1027
1028,Mehndipatnam(Rythu Bazar),1028
1029,Surat,1029
1030,Ganaur,1030
1031,Erragadda(Rythu Bazar),1031
1032,Mehndipatnam(Rythu Bazar),1032
1033,Surat,1033
1034,Ganaur,1034
1035,Erragadda(Rythu Bazar),1035
1036,Mehndipatnam(Rythu Bazar),1036
1037,Surat,1037
1038,Ganaur,1038
1039,Erragadda(Rythu Bazar),1039
1040,Mehndipatnam(Rythu Bazar),1040
1041,Surat,1041
1042,Ganaur,1042
1043,Erragadda(Rythu Bazar),1043
1044,Mehndipatnam(Rythu Bazar),1044
1045,Surat,1045
1046,Ganaur,1046
1047,Erragadda(Rythu Bazar),1047
1048,Mehndipatnam(Rythu Bazar),1048
1049,Surat,1049
1050,Ganaur,1050
1051,Erragadda(Rythu Bazar),1051
1052,Mehndipatnam(Rythu Bazar),1052
1053,Surat,1053
1054,Ganaur,1054
1055,Erragadda(Rythu Bazar),1055
1056,Mehndipatnam(Rythu Bazar),1056
1057,Surat,1057
1058,Ganaur,1058
1059,Erragadda(Rythu Bazar),1059
1060,Mehndipatnam(Rythu Bazar),1060
1061,Surat,1061
1062,Ganaur,1062
1063,Erragadda(Rythu Bazar),1063
1064,Mehndipatnam(Rythu Bazar),1064
1065,Surat,1065
1066,Ganaur,1066
1067,Erragadda(Rythu Bazar),1067
1068,Mehndipatnam(Rythu Bazar),1068
1069,Surat,1069
1070,Ganaur,1070
1071,Erragadda(Rythu Bazar),1071
1072,Mehndipatnam(Rythu Bazar),1072
1073,Surat,1073
1074,Ganaur,1074
1075,Erragadda(Rythu Bazar),1075
1076,Mehndipatnam(Rythu Bazar),1076
1077,Surat,1077
1078,Ganaur,1078
1079,Erragadda(Rythu Bazar),1079
1080,Mehndipatnam(Rythu Bazar),1080
1081,Surat,1081
1082,Ganaur,1082
1083,Erragadda(Rythu Bazar),1083
1084,Mehndipatnam(Rythu Bazar),1084
1085,Surat,1085
1086,Ganaur,1086
1087,Erragadda(Rythu Bazar),1087
1088,Mehndipatnam(Rythu Bazar),1088
1089,Surat,1089
1090,Ganaur,1090
1091,Erragadda(Rythu Bazar),1091
1092,Mehndipatnam(Rythu Bazar),1092
1093,Surat,1093
1094,Ganaur,1094
1095,Erragadda(Rythu Bazar),1095
1096,Mehndipatnam(Rythu Bazar),1096
1097,Surat,1097
1098,Ganaur,1098
1099,Erragadda(Rythu Bazar),1099
1100,Mehndipatnam(Rythu Bazar),1100
1101,Surat,1101
1102,Ganaur,1102
1103,Erragadda(Rythu Bazar),1103
1104,Mehndipatnam(Rythu Bazar),1104
1105,Surat,1105
1106,Ganaur,1106
1107,Erragadda(Rythu Bazar),1107
1108,Mehndipatnam(Rythu Bazar),1108
1109,Surat,1109
1110,Ganaur,1110
1111,Erragadda(Rythu Bazar),1111
1112,Mehndipatnam(Rythu Bazar),1112
1113,Surat,1113
1114,Ganaur,1114
1115,Erragadda(Rythu Bazar),1115
1116,Mehndipatnam(Rythu Bazar),1116
1117,Surat,1117
1118,Ganaur,1118
1119,Erragadda(Rythu Bazar),1119
1120,Mehndipatnam(Rythu Bazar),1120
1121,Surat,1121
1122,Ganaur,1122
1123,Erragadda(Rythu Bazar),1123
1124,Mehndipatnam(Rythu Bazar),1124
1125,Surat,1125
1126,Ganaur,1126
1127,Erragadda(Rythu Bazar),1127
1128,Mehndipatnam(Rythu Bazar),1128
1129,Surat,1129
1130,Ganaur,1130
1131,Erragadda(Rythu Bazar),1131
1132,Mehndipatnam(Rythu Bazar),1132
1133,Surat,1133
1134,Ganaur,1134
1135,Erragadda(Rythu Bazar),1135
1136,Mehndipatnam(Rythu Bazar),1136
1137,Surat,1137
1138,Ganaur,1138
1139,Erragadda(Rythu Bazar),1139
1140,Mehndipatnam(Rythu Bazar),1140
1141,Surat,1141
1142,Ganaur,1142
1143,Erragadda(Rythu Bazar),1143
1144,Mehndipatnam(Rythu Bazar),1144
1145,Surat,1145
1146,Ganaur,1146
1147,Erragadda(Rythu Bazar),1147
1148,Mehndipatnam(Rythu Bazar),1148
1149,Surat,1149
1150,Ganaur,1150
1151,Erragadda(Rythu Bazar),1151
1152,Mehndipatnam(Rythu Bazar),1152
1153,Surat,1153
1154,Ganaur,1154
1155,Erragadda(Rythu Bazar),1155
1156,Mehndipatnam(Rythu Bazar),1156
1157,Surat,1157
1158,Ganaur,1158
1159,Erragadda(Rythu Bazar),1159
1160,Mehndipatnam(Rythu Bazar),1160
1161,Surat,1161
1162,Ganaur,1162
1163,Erragadda(Rythu Bazar),1163
1164,Mehndipatnam(Rythu Bazar),1164
1165,Surat,1165
1166,Ganaur,1166
1167,Erragadda(Rythu Bazar),1167
1168,Mehndipatnam(Rythu Bazar),1168
1169,Surat,1169
1170,Ganaur,1170
1171,Erragadda(Rythu Bazar),1171
1172,Mehndipatnam(Rythu Bazar),1172
1173,Surat,1173
1174,Ganaur,1174
1175,Erragadda(Rythu Bazar),1175
1176,Mehndipatnam(Rythu Bazar),1176
1177,Surat,1177
1178,Ganaur,1178
1179,Erragadda(Rythu Bazar),1179
1180,Mehndipatnam(Rythu Bazar),1180
1181,Surat,1181
1182,Ganaur,1182
1183,Erragadda(Rythu Bazar),1183
1184,Mehndipatnam(Rythu Bazar),1184
1185,Surat,1185
1186,Ganaur,1186
1187,Erragadda(Rythu Bazar),1187
1188,Mehndipatnam(Rythu Bazar),1188
1189,Surat,1189
1190,Ganaur,1190
1191,Erragadda(Rythu Bazar),1191
1192,Mehndipatnam(Rythu Bazar),1192
1193,Surat,1193
1194,Ganaur,1194
1195,Erragadda(Rythu Bazar),1195
1196,Mehndipatnam(Rythu Bazar),1196
1197,Surat,1197
1198,Ganaur,1198
1199,Erragadda(Rythu Bazar),1199
1200,Mehndipatnam(Rythu Bazar),1200
1201,Surat,1201
1202,Ganaur,1202
1203,Erragadda(Rythu Bazar),1203
1204,Mehndipatnam(Rythu Bazar),1204
1205,Surat,1205
1206,Ganaur,1206
1207,Erragadda(Rythu Bazar),1207
1208,Mehndipatnam(Rythu Bazar),1208
1209,Surat,1209
1210,Ganaur,1210
1211,Erragadda(Rythu Bazar),1211
1212,Mehndipatnam(Rythu Bazar),1212
1213,Surat,1213
1214,Ganaur,1214
1215,Erragadda(Rythu Bazar),1215
1216,Mehndipatnam(Rythu Bazar),1216
1217,Surat,1217
1218,Ganaur,1218
1219,Erragadda(Rythu Bazar),1219
1220,Mehndipatnam(Rythu Bazar),1220
1221,Surat,1221
1222,Ganaur,1222
1223,Erragadda(Rythu Bazar),1223
1224,Mehndipatnam(Rythu Bazar),1224
1225,Surat,1225
1226,Ganaur,1226
1227,Erragadda(Rythu Bazar),1227
1228,Mehndipatnam(Rythu Bazar),1228
1229,Surat,1229
1230,Ganaur,1230
1231,Erragadda(Rythu Bazar),1231
1232,Mehndipatnam(Rythu Bazar),1232
1233,Surat,1233
1234,Ganaur,1234
1235,Erragadda(Rythu Bazar),1235
1236,Mehndipatnam(Rythu Bazar),1236
1237,Surat,1237
1238,Ganaur,1238
1239,Erragadda(Rythu Bazar),1239
1240,Mehndipatnam(Rythu Bazar),1240
1241,Surat,1241
1242,Ganaur,1242
1243,Erragadda(Rythu Bazar),1243
1244,Mehndipatnam(Rythu Bazar),1244
1245,Surat,1245
1246,Ganaur,1246
1247,Erragadda(Rythu Bazar),1247
1248,Mehndipatnam(Rythu Bazar),1248
1249,Surat,1249
1250,Ganaur,1250
1251,Erragadda(Rythu Bazar),1251
1252,Mehndipatnam(Rythu Bazar),1252
1253,Surat,1253
1254,Ganaur,1254
1255,Erragadda(Rythu Bazar),1255
1256,Mehndipatnam(Rythu Bazar),1256
1257,Surat,1257
1258,Ganaur,1258
1259,Erragadda(Rythu Bazar),1259
1260,Mehndipatnam(Rythu Bazar),1260
1261,Surat,1261
1262,Ganaur,1262
1263,Erragadda(Rythu Bazar),1263
1264,Mehndipatnam(Rythu Bazar),1264
1265,Surat,1265
1266,Ganaur,1266
1267,Erragadda(Rythu Bazar),1267
1268,Mehndipatnam(Rythu Bazar),1268
1269,Surat,1269
1270,Ganaur,1270
1271,Erragadda(Rythu Bazar),1271
1272,Mehndipatnam(Rythu Bazar),1272
1273,Surat,1273
1274,Ganaur,1274
1275,Erragadda(Rythu Bazar),1275
1276,Mehndipatnam(Rythu Bazar),1276
1277,Surat,1277
1278,Ganaur,1278
1279,Erragadda(Rythu Bazar),1279
1280,Mehndipatnam(Rythu Bazar),1280
1281,Surat,1281
1282,Ganaur,1282
1283,Erragadda(Rythu Bazar),1283
1284,Mehndipatnam(Rythu Bazar),1284
1285,Surat,1285
1286,Ganaur,1286
1287,Erragadda(Rythu Bazar),1287
1288,Mehndipatnam(Rythu Bazar),1288
1289,Surat,1289
1290,Ganaur,1290
1291,Erragadda(Rythu Bazar),1291
1292,Mehndipatnam(Rythu Bazar),1292
1293,Surat,1293
1294,Ganaur,1294
1295,Erragadda(Rythu Bazar),1295
1296,Mehndipatnam(Rythu Bazar),1296
1297,Surat,1297
1298,Ganaur,1298
1299,Erragadda(Rythu Bazar),1299
1300,Mehndipatnam(Rythu Bazar),1300
1301,Surat,1301
1302,Ganaur,1302
1303,Erragadda(Rythu Bazar),1303
1304,Mehndipatnam(Rythu Bazar),1304
1305,Surat,1305
1306,Ganaur,1306
1307,Erragadda(Rythu Bazar),1307
1308,Mehndipatnam(Rythu Bazar),1308
1309,Surat,1309
1310,Ganaur,1310
1311,Erragadda(Rythu Bazar),1311
1312,Mehndipatnam(Rythu Bazar),1312
1313,Surat,1313
1314,Ganaur,1314
1315,Erragadda(Rythu Bazar),1315
1316,Mehndipatnam(Rythu Bazar),1316
1317,Surat,1317
1318,Ganaur,1318
1319,Erragadda(Rythu Bazar),1319
1320,Mehndipatnam(Rythu Bazar),1320
1321,Surat,1321
1322,Ganaur,1322
1323,Erragadda(Rythu Bazar),1323
1324,Mehndipatnam(Rythu Bazar),1324
1325,Surat,1325
1326,Ganaur,1326
1327,Erragadda(Rythu Bazar),1327
1328,Mehndipatnam(Rythu Bazar),1328
1329,Surat,1329
1330,Ganaur,1330
1331,Erragadda(Rythu Bazar),1331
1332,Mehndipatnam(Rythu Bazar),1332
1333,Surat,1333
1334,Ganaur,1334
1335,Erragadda(Rythu Bazar),1335
1336,Mehndipatnam(Rythu Bazar),1336
1337,Surat,1337
1338,Ganaur,1338
1339,Erragadda(Rythu Bazar),1339
1340,Mehndipatnam(Rythu Bazar),1340
1341,Surat,1341
1342,Ganaur,1342
1343,Erragadda(Rythu Bazar),1343
1344,Mehndipatnam(Rythu Bazar),1344
1345,Surat,1345
1346,Ganaur,1346
1347,Erragadda(Rythu Bazar),1347
1348,Mehndipatnam(Rythu Bazar),1348
1349,Surat,1349
1350,Ganaur,1350
1351,Erragadda(Rythu Bazar),1351
1352,Mehndipatnam(Rythu Bazar),1352
1353,Surat,1353
1354,Ganaur,1354
1355,Erragadda(Rythu Bazar),1355
1356,Mehndipatnam(Rythu Bazar),1356
1357,Surat,1357
1358,Ganaur,1358
1359,Erragadda(Rythu Bazar),1359
1360,Mehndipatnam(Rythu Bazar),1360
1361,Surat,1361
1362,Ganaur,1362
1363,Erragadda(Rythu Bazar),1363
1364,Mehndipatnam(Rythu Bazar),1364
1365,Surat,1365
1366,Ganaur,1366
1367,Erragadda(Rythu Bazar),1367
1368,Mehndipatnam(Rythu Bazar),1368
1369,Surat,1369
1370,Ganaur,1370
1371,Erragadda(Rythu Bazar),1371
1372,Mehndipatnam(Rythu Bazar),1372
1373,Surat,1373
1374,Ganaur,1374
1375,Erragadda(Rythu Bazar),1375
1376,Mehndipatnam(Rythu Bazar),1376
1377,Surat,1377
1378,Kalpetta,1378
1379,Kattappana,1379
1380,Kollam,1380
1381,Erragadda(Rythu Bazar),1381
1382,Mehndipatnam(Rythu Bazar),1382
1383,Surat,1383
1384,Kalpetta,1384
1385,Kattappana,1385
1386,Kollam,1386
1387,Erragadda(Rythu Bazar),1387
1388,Mehndipatnam(Rythu Bazar),1388
1389,Surat,1389
1390,Kalpetta,1390
1391,Kattappana,1391
1392,Kollam,1392
1393,Erragadda(Rythu Bazar),1393
1394,Mehndipatnam(Rythu Bazar),1394
1395,Surat,1395
1396,Kalpetta,1396
1397,Kattappana,1397
1398,Kollam,1398
1399,Erragadda(Rythu Bazar),1399
1400,Mehndipatnam(Rythu Bazar),1400
1401,Surat,1401
1402,Kalpetta,1402
1403,Kattappana,1403
1404,Kollam,1404
1405,Erragadda(Rythu Bazar),1405
1406,Mehndipatnam(Rythu Bazar),1406
1407,Surat,1407
1408,Kalpetta,1408
1409,Kattappana,1409
1410,Kollam,1410
1411,Erragadda(Rythu Bazar),1411
1412,Mehndipatnam(Rythu Bazar),1412
1413,Surat,1413
1414,Kalpetta,1414
1415,Kattappana,1415
1416,Kollam,1416
1417,Erragadda(Rythu Bazar),1417
1418,Mehndipatnam(Rythu Bazar),1418
1419,Surat,1419
1420,Kalpetta,1420
1421,Kattappana,1421
1422,Kollam,1422
1423,Erragadda(Rythu Bazar),1423
1424,Mehndipatnam(Rythu Bazar),1424
1425,Surat,1425
1426,Kalpetta,1426
1427,Kattappana,1427
1428,Kollam,1428
1429,Erragadda(Rythu Bazar),1429
1430,Mehndipatnam(Rythu Bazar),1430
1431,Surat,1431
1432,Kalpetta,1432
1433,Kattappana,1433
1434,Kollam,1434
1435,Erragadda(Rythu Bazar),1435
1436,Mehndipatnam(Rythu Bazar),1436
1437,Surat,1437
1438,Kalpetta,1438
1439,Kattappana,1439
1440,Kollam,1440
1441,Erragadda(Rythu Bazar),1441
1442,Mehndipatnam(Rythu Bazar),1442
1443,Surat,1443
1444,Kalpetta,1444
1445,Kattappana,1445
1446,Kollam,1446
1447,Erragadda(Rythu Bazar),1447
1448,Mehndipatnam(Rythu Bazar),1448
1449,Surat,1449
1450,Kalpetta,1450
1451,Kattappana,1451
1452,Kollam,1452
1453,Erragadda(Rythu Bazar),1453
1454,Mehndipatnam(Rythu Bazar),1454
1455,Surat,1455
1456,Kalpetta,1456
1457,Kattappana,1457
1458,Kollam,1458
1459,Erragadda(Rythu Bazar),1459
1460,Mehndipatnam(Rythu Bazar),1460
1461,Surat,1461
1462,Kalpetta,1462
1463,Kattappana,1463
1464,Kollam,1464
1465,Erragadda(Rythu Bazar),1465
1466,Mehndipatnam(Rythu Bazar),1466
1467,Surat,1467
1468,Kalpetta,1468
1469,Kattappana,1469
1470,Kollam,1470
1471,Erragadda(Rythu Bazar),1471
1472,Mehndipatnam(Rythu Bazar),1472
1473,Surat,1473
1474,Kalpetta,1474
1475,Kattappana,1475
1476,Kollam,1476
1477,Erragadda(Rythu Bazar),1477
1478,Mehndipatnam(Rythu Bazar),1478
1479,Surat,1479
1480,Kalpetta,1480
1481,Kattappana,1481
1482,Kollam,1482
1483,Erragadda(Rythu Bazar),1483
1484,Mehndipatnam(Rythu Bazar),1484
1485,Surat,1485
1486,Kalpetta,1486
1487,Kattappana,1487
1488,Kollam,1488
1489,Erragadda(Rythu Bazar),1489
1490,Mehndipatnam(Rythu Bazar),1490
1491,Surat,1491
1492,Kalpetta,1492
1493,Kattappana,1493
1494,Kollam,1494
1495,Erragadda(Rythu Bazar),1495
1496,Mehndipatnam(Rythu Bazar),1496
1497,Surat,1497
1498,Kalpetta,1498
1499,Kattappana,1499
1500,Kollam,1500
1501,Erragadda(Rythu Bazar),1501
1502,Mehndipatnam(Rythu Bazar),1502
1503,Surat,1503
1504,Kalpetta,1504
1505,Kattappana,1505
1506,Kollam,1506
1507,Erragadda(Rythu Bazar),1507
1508,Mehndipatnam(Rythu Bazar),1508
1509,Surat,1509
1510,Kalpetta,1510
1511,Kattappana,1511
1512,Kollam,1512
1513,Erragadda(Rythu Bazar),1513
1514,Mehndipatnam(Rythu Bazar),1514
1515,Surat,1515
1516,Kalpetta,1516
1517,Kattappana,1517
1518,Kollam,1518
1519,Erragadda(Rythu Bazar),1519
1520,Mehndipatnam(Rythu Bazar),1520
1521,Surat,1521
1522,Kalpetta,1522
1523,Kattappana,1523
1524,Kollam,1524
1525,Erragadda(Rythu Bazar),1525
1526,Mehndipatnam(Rythu Bazar),1526
1527,Surat,1527
1528,Kalpetta,1528
1529,Kattappana,1529
1530,Kollam,1530
1531,Erragadda(Rythu Bazar),1531
1532,Mehndipatnam(Rythu Bazar),1532
1533,Surat,1533
1534,Kalpetta,1534
1535,Kattappana,1535
1536,Kollam,1536
1537,Erragadda(Rythu Bazar),1537
1538,Mehndipatnam(Rythu Bazar),1538
1539,Surat,1539
1540,Kalpetta,1540
1541,Kattappana,1541
1542,Kollam,1542
1543,Erragadda(Rythu Bazar),1543
1544,Mehndipatnam(Rythu Bazar),1544
1545,Surat,1545
1546,Kalpetta,1546
1547,Kattappana,1547
1548,Kollam,1548
1549,Erragadda(Rythu Bazar),1549
1550,Mehndipatnam(Rythu Bazar),1550
1551,Surat,1551
1552,Kalpetta,1552
1553,Kattappana,1553
1554,Kollam,1554
1555,Erragadda(Rythu Bazar),1555
1556,Mehndipatnam(Rythu Bazar),1556
1557,Surat,1557
1558,Kalpetta,1558
1559,Kattappana,1559
1560,Kollam,1560
1561,Erragadda(Rythu Bazar),1561
1562,Mehndipatnam(Rythu Bazar),1562
1563,Surat,1563
1564,Kalpetta,1564
1565,Kattappana,1565
1566,Kollam,1566
1567,Erragadda(Rythu Bazar),1567
1568,Mehndipatnam(Rythu Bazar),1568
1569,Surat,1569
1570,Kalpetta,1570
1571,Kattappana,1571
1572,Kollam,1572
1573,Erragadda(Rythu Bazar),1573
1574,Mehndipatnam(Rythu Bazar),1574
1575,Surat,1575
1576,Kalpetta,1576
1577,Kattappana,1577
1578,Kollam,1578
1579,Erragadda(Rythu Bazar),1579
1580,Mehndipatnam(Rythu Bazar),1580
1581,Surat,1581
1582,Kalpetta,1582
1583,Kattappana,1583
1584,Kollam,1584
1585,Erragadda(Rythu Bazar),1585
1586,Mehndipatnam(Rythu Bazar),1586
1587,Surat,1587
1588,Kalpetta,1588
1589,Kattappana,1589
1590,Kollam,1590
1591,Erragadda(Rythu Bazar),1591
1592,Mehndipatnam(Rythu Bazar),1592
1593,Surat,1593
1594,Kalpetta,1594
1595,Kattappana,1595
1596,Kollam,1596
1597,Erragadda(Rythu Bazar),1597
1598,Mehndipatnam(Rythu Bazar),1598
1599,Surat,1599
1600,Kalpetta,1600
1601,Kattappana,1601
1602,Kollam,1602
1603,Erragadda(Rythu Bazar),1603
1604,Mehndipatnam(Rythu Bazar),1604
1605,Surat,1605
1606,Kalpetta,1606
1607,Kattappana,1607
1608,Kollam,1608
1609,Erragadda(Rythu Bazar),1609
1610,Mehndipatnam(Rythu Bazar),1610
1611,Surat,1611
1612,Kalpetta,1612
1613,Kattappana,1613
1614,Kollam,1614
1615,Erragadda(Rythu Bazar),1615
1616,Mehndipatnam(Rythu Bazar),1616
1617,Surat,1617
1618,Kalpetta,1618
1619,Kattappana,1619
1620,Kollam,1620
1621,Erragadda(Rythu Bazar),1621
1622,Mehndipatnam(Rythu Bazar),1622
1623,Surat,1623
1624,Kalpetta,1624
1625,Kattappana,1625
1626,Kollam,1626
1627,Erragadda(Rythu Bazar),1627
1628,Mehndipatnam(Rythu Bazar),1628
1629,Surat,1629
1630,Kalpetta,1630
1631,Kattappana,1631
1632,Kollam,1632
1633,Erragadda(Rythu Bazar),1633
1634,Mehndipatnam(Rythu Bazar),1634
1635,Surat,1635
1636,Kalpetta,1636
1637,Kattappana,1637
1638,Kollam,1638
1639,Erragadda(Rythu Bazar),1639
1640,Mehndipatnam(Rythu Bazar),1640
1641,Surat,1641
1642,Kalpetta,1642
1643,Kattappana,1643
1644,Kollam,1644
1645,Erragadda(Rythu Bazar),1645
1646,Mehndipatnam(Rythu Bazar),1646
1647,Surat,1647
1648,Kalpetta,1648
1649,Kattappana,1649
1650,Kollam,1650
1651,Erragadda(Rythu Bazar),1651
1652,Mehndipatnam(Rythu Bazar),1652
1653,Surat,1653
1654,Kalpetta,1654
1655,Kattappana,1655
1656,Kollam,1656
1657,Erragadda(Rythu Bazar),1657
1658,Mehndipatnam(Rythu Bazar),1658
1659,Surat,1659
1660,Kalpetta,1660
1661,Kattappana,1661
1662,Kollam,1662
1663,Erragadda(Rythu Bazar),1663
1664,Mehndipatnam(Rythu Bazar),1664
1665,Surat,1665
1666,Kalpetta,1666
1667,Kattappana,1667
1668,Kollam,1668
1669,Erragadda(Rythu Bazar),1669
1670,Mehndipatnam(Rythu Bazar),1670
1671,Surat,1671
1672,Kalpetta,1672
1673,Kattappana,1673
1674,Kollam,1674
1675,Erragadda(Rythu Bazar),1675
1676,Mehndipatnam(Rythu Bazar),1676
1677,Surat,1677
1678,Kalpetta,1678
1679,Kattappana,1679
1680,Kollam,1680
1681,Erragadda(Rythu Bazar),1681
1682,Mehndipatnam(Rythu Bazar),1682
1683,Surat,1683
1684,Kalpetta,1684
1685,Kattappana,1685
1686,Kollam,1686
1687,Erragadda(Rythu Bazar),1687
1688,Mehndipatnam(Rythu Bazar),1688
1689,Surat,1689
1690,Kalpetta,1690
1691,Kattappana,1691
1692,Kollam,1692
1693,Erragadda(Rythu Bazar),1693
1694,Mehndipatnam(Rythu Bazar),1694
1695,Surat,1695
1696,Kalpetta,1696
1697,Kattappana,1697
1698,Kollam,1698
1699,Erragadda(Rythu Bazar),1699
1700,Mehndipatnam(Rythu Bazar),1700
1701,Surat,1701
1702,Kalpetta,1702
1703,Kattappana,1703
1704,Kollam,1704
1705,Erragadda(Rythu Bazar),1705
1706,Mehndipatnam(Rythu Bazar),1706
1707,Surat,1707
1708,Kalpetta,1708
1709,Kattappana,1709
1710,Kollam,1710
1711,Erragadda(Rythu Bazar),1711
1712,Mehndipatnam(Rythu Bazar),1712
1713,Surat,1713
1714,Kalpetta,1714
1715,Kattappana,1715
1716,Kollam,1716
1717,Erragadda(Rythu Bazar),1717
1718,Mehndipatnam(Rythu Bazar),1718
1719,Surat,1719
1720,Kalpetta,1720
1721,Kattappana,1721
1722,Kollam,1722
1723,Erragadda(Rythu Bazar),1723
1724,Mehndipatnam(Rythu Bazar),1724
1725,Surat,1725
1726,Kalpetta,1726
1727,Kattappana,1727
1728,Kollam,1728
1729,Erragadda(Rythu Bazar),1729
1730,Mehndipatnam(Rythu Bazar),1730
1731,Surat,1731
1732,Kalpetta,1732
1733,Kattappana,1733
1734,Kollam,1734
1735,Erragadda(Rythu Bazar),1735
1736,Mehndipatnam(Rythu Bazar),1736
1737,Surat,1737
1738,Kalpetta,1738
1739,Kattappana,1739
1740,Kollam,1740
1741,Erragadda(Rythu Bazar),1741
1742,Mehndipatnam(Rythu Bazar),1742
1743,Surat,1743
1744,Kalpetta,1744
1745,Kattappana,1745
1746,Kollam,1746
1747,Erragadda(Rythu Bazar),1747
1748,Mehndipatnam(Rythu Bazar),1748
1749,Surat,1749
1750,Kalpetta,1750
1751,Kattappana,1751
1752,Kollam,1752
1753,Erragadda(Rythu Bazar),1753
1754,Mehndipatnam(Rythu Bazar),1754
1755,Surat,1755
1756,Kalpetta,1756
1757,Kattappana,1757
1758,Kollam,1758
1759,Erragadda(Rythu Bazar),1759
1760,Mehndipatnam(Rythu Bazar),1760
1761,Surat,1761
1762,Kalpetta,1762
1763,Kattappana,1763
1764,Kollam,1764
1765,Erragadda(Rythu Bazar),1765
1766,Mehndipatnam(Rythu Bazar),1766
1767,Surat,1767
1768,Kalpetta,1768
1769,Kattappana,1769
1770,Kollam,1770
1771,Erragadda(Rythu Bazar),1771
1772,Mehndipatnam(Rythu Bazar),1772
1773,Surat,1773
1774,Kalpetta,1774
1775,Kattappana,1775
1776,Kollam,1776
1777,Erragadda(Rythu Bazar),1777
1778,Mehndipatnam(Rythu Bazar),1778
1779,Surat,1779
1780,Kalpetta,1780
1781,Kattappana,1781
1782,Kollam,1782
1783,Erragadda(Rythu Bazar),1783
1784,Mehndipatnam(Rythu Bazar),1784
1785,Surat,1785
1786,Kalpetta,1786
1787,Kattappana,1787
1788,Kollam,1788
1789,Erragadda(Rythu Bazar),1789
1790,Mehndipatnam(Rythu Bazar),1790
1791,Surat,1791
1792,Kalpetta,1792
1793,Kattappana,1793
1794,Kollam,1794
1795,Erragadda(Rythu Bazar),1795
1796,Mehndipatnam(Rythu Bazar),1796
1797,Surat,1797
1798,Kalpetta,1798
1799,Kattappana,1799
1800,Kollam,1800
1801,Erragadda(Rythu Bazar),1801
1802,Mehndipatnam(Rythu Bazar),1802
1803,Surat,1803
1804,Kalpetta,1804
1805,Kattappana,1805
1806,Kollam,1806
1807,Erragadda(Rythu Bazar),1807
1808,Mehndipatnam(Rythu Bazar),1808
1809,Surat,1809
1810,Kalpetta,1810
1811,Kattappana,1811
1812,Kollam,1812
1813,Erragadda(Rythu Bazar),1813
1814,Mehndipatnam(Rythu Bazar),1814
1815,Surat,1815
1816,Kalpetta,1816
1817,Kattappana,1817
1818,Kollam,1818
1819,Erragadda(Rythu Bazar),1819
1820,Mehndipatnam(Rythu Bazar),1820
1821,Surat,1821
1822,Kalpetta,1822
1823,Kattappana,1823
1824,Kollam,1824
1825,Erragadda(Rythu Bazar),1825
1826,Mehndipatnam(Rythu Bazar),1826
1827,Surat,1827
1828,Kalpetta,1828
1829,Kattappana,1829
1830,Kollam,1830
1831,Erragadda(Rythu Bazar),1831
1832,Mehndipatnam(Rythu Bazar),1832
1833,Surat,1833
1834,Kalpetta,1834
1835,Kattappana,1835
1836,Kollam,1836
1837,Erragadda(Rythu Bazar),1837
1838,Mehndipatnam(Rythu Bazar),1838
1839,Surat,1839
1840,Kalpetta,1840
1841,Kattappana,1841
1842,Kollam,1842
1843,Erragadda(Rythu Bazar),1843
1844,Mehndipatnam(Rythu Bazar),1844
1845,Surat,1845
1846,Kalpetta,1846
1847,Kattappana,1847
1848,Kollam,1848
1849,Erragadda(Rythu Bazar),1849
1850,Mehndipatnam(Rythu Bazar),1850
1851,Surat,1851
1852,Kalpetta,1852
1853,Kattappana,1853
1854,Kollam,1854
1855,Erragadda(Rythu Bazar),1855
1856,Mehndipatnam(Rythu Bazar),1856
1857,Surat,1857
1858,Kalpetta,1858
1859,Kattappana,1859
1860,Kollam,1860
1861,Erragadda(Rythu Bazar),1861
1862,Mehndipatnam(Rythu Bazar),1862
1863,Surat,1863
1864,Kalpetta,1864
1865,Kattappana,1865
1866,Kollam,1866
1867,Erragadda(Rythu Bazar),1867
1868,Mehndipatnam(Rythu Bazar),1868
1869,Surat,1869
1870,Kalpetta,1870
1871,Kattappana,1871
1872,Kollam,1872
1873,Erragadda(Rythu Bazar),1873
1874,Mehndipatnam(Rythu Bazar),1874
1875,Surat,1875
1876,Kalpetta,1876
1877,Kattappana,1877
1878,Kollam,1878
1879,Erragadda(Rythu Bazar),1879
1880,Mehndipatnam(Rythu Bazar),1880
1881,Surat,1881
1882,Kalpetta,1882
1883,Kattappana,1883
1884,Kollam,1884
1885,Erragadda(Rythu Bazar),1885
1886,Mehndipatnam(Rythu Bazar),1886
1887,Surat,1887
1888,Kalpetta,1888
1889,Kattappana,1889
1890,Kollam,1890
1891,Erragadda(Rythu Bazar),1891
1892,Mehndipatnam(Rythu Bazar),1892
1893,Surat,1893
1894,Kalpetta,1894
1895,Kattappana,1895
1896,Kollam,1896
1897,Erragadda(Rythu Bazar),1897
1898,Mehndipatnam(Rythu Bazar),1898
1899,Surat,1899
1900,Kalpetta,1900
1901,Kattappana,1901
1902,Kollam,1902
1903,Erragadda(Rythu Bazar),1903
1904,Mehndipatnam(Rythu Bazar),1904
1905,Surat,1905
1906,Kalpetta,1906
1907,Kattappana,1907
1908,Kollam,1908
1909,Erragadda(Rythu Bazar),1909
1910,Mehndipatnam(Rythu Bazar),1910
1911,Surat,1911
1912,Kalpetta,1912
1913,Kattappana,1913
1914,Kollam,1914
1915,Erragadda(Rythu Bazar),1915
1916,Mehndipatnam(Rythu Bazar),1916
1917,Surat,1917
1918,Kalpetta,1918
1919,Kattappana,1919
1920,Kollam,1920
1921,Erragadda(Rythu Bazar),1921
1922,Mehndipatnam(Rythu Bazar),1922
1923,Surat,1923
1924,Kalpetta,1924
1925,Kattappana,1925
1926,Kollam,1926
1927,Erragadda(Rythu Bazar),1927
1928,Mehndipatnam(Rythu Bazar),1928
1929,Surat,1929
1930,Kalpetta,1930
1931,Kattappana,1931
1932,Kollam,1932
1933,Erragadda(Rythu Bazar),1933
1934,Mehndipatnam(Rythu Bazar),1934
1935,Surat,1935
1936,Kalpetta,1936
1937,Kattappana,1937
1938,Kollam,1938
1939,Erragadda(Rythu Bazar),1939
1940,Mehndipatnam(Rythu Bazar),1940
1941,Surat,1941
1942,Kalpetta,1942
1943,Kattappana,1943
1944,Kollam,1944
1945,Erragadda(Rythu Bazar),1945
1946,Mehndipatnam(Rythu Bazar),1946
1947,Surat,1947
1948,Kalpetta,1948
1949,Kattappana,1949
1950,Kollam,1950
1951,Erragadda(Rythu Bazar),1951
1952,Mehndipatnam(Rythu Bazar),1952
1953,Surat,1953
1954,Kalpetta,1954
1955,Kattappana,1955
1956,Kollam,1956
1957,Erragadda(Rythu Bazar),1957
1958,Mehndipatnam(Rythu Bazar),1958
1959,Surat,1959
1960,Kalpetta,1960
1961,Kattappana,1961
1962,Kollam,1962
1963,Erragadda(Rythu Bazar),1963
1964,Mehndipatnam(Rythu Bazar),1964
1965,Surat,1965
1966,Kalpetta,1966
1967,Kattappana,1967
1968,Kollam,1968
1969,Erragadda(Rythu Bazar),1969
1970,Mehndipatnam(Rythu Bazar),1970
1971,Surat,1971
1972,Kalpetta,1972
1973,Kattappana,1973
1974,Kollam,1974
1975,Erragadda(Rythu Bazar),1975
1976,Mehndipatnam(Rythu Bazar),1976
1977,Surat,1977
1978,Kalpetta,1978
1979,Kattappana,1979
1980,Kollam,1980
1981,Erragadda(Rythu Bazar),1981
1982,Mehndipatnam(Rythu Bazar),1982
1983,Surat,1983
1984,Kalpetta,1984
1985,Kattappana,1985
1986,Kollam,1986
1987,Erragadda(Rythu Bazar),1987
1988,Mehndipatnam(Rythu Bazar),1988
1989,Surat,1989
1990,Kalpetta,1990
1991,Kattappana,1991
1992,Kollam,1992
1993,Erragadda(Rythu Bazar),1993
1994,Mehndipatnam(Rythu Bazar),1994
1995,Surat,1995
1996,Kalpetta,1996
1997,Kattappana,1997
1998,Kollam,1998
1999,Erragadda(Rythu Bazar),1999
2000,Mehndipatnam(Rythu Bazar),2000
2001,Surat,2001
2002,Kalpetta,2002
2003,Kattappana,2003
2004,Kollam,2004
2005,Erragadda(Rythu Bazar),2005
2006,Mehndipatnam(Rythu Bazar),2006
2007,Surat,2007
2008,Kalpetta,2008
2009,Kattappana,2009
2010,Kollam,2010
2011,Erragadda(Rythu Bazar),2011
2012,Mehndipatnam(Rythu Bazar),2012
2013,Surat,2013
2014,Kalpetta,2014
2015,Kattappana,2015
2016,Kollam,2016
2017,Erragadda(Rythu Bazar),2017
2018,Mehndipatnam(Rythu Bazar),2018
2019,Surat,2019
2020,Kalpetta,2020
2021,Kattappana,2021
2022,Kollam,2022
2023,Erragadda(Rythu Bazar),2023
2024,Mehndipatnam(Rythu Bazar),2024
2025,Surat,2025
2026,Kalpetta,2026
2027,Kattappana,2027
2028,Kollam,2028
2029,Erragadda(Rythu Bazar),2029
2030,Mehndipatnam(Rythu Bazar),2030
2031,Surat,2031
2032,Kalpetta,2032
2033,Kattappana,2033
2034,Kollam,2034
2035,Erragadda(Rythu Bazar),2035
2036,Mehndipatnam(Rythu Bazar),2036
2037,Surat,2037
2038,Kalpetta,2038
2039,Kattappana,2039
2040,Kollam,2040
2041,Erragadda(Rythu Bazar),2041
2042,Mehndipatnam(Rythu Bazar),2042
2043,Surat,2043
2044,Kalpetta,2044
2045,Kattappana,2045
2046,Kollam,2046
2047,Erragadda(Rythu Bazar),2047
2048,Mehndipatnam(Rythu Bazar),2048
2049,Surat,2049
2050,Kalpetta,2050
2051,Kattappana,2051
2052,Kollam,2052
2053,Erragadda(Rythu Bazar),2053
2054,Mehndipatnam(Rythu Bazar),2054
2055,Surat,2055
2056,Kalpetta,2056
2057,Kattappana,2057
2058,Kollam,2058
2059,Erragadda(Rythu Bazar),2059
2060,Mehndipatnam(Rythu Bazar),2060
2061,Surat,2061
2062,Kalpetta,2062
2063,Kattappana,2063
2064,Kollam,2064
2065,Erragadda(Rythu Bazar),2065
2066,Mehndipatnam(Rythu Bazar),2066
2067,Surat,2067
2068,Kalpetta,2068
2069,Kattappana,2069
2070,Kollam,2070
2071,Erragadda(Rythu Bazar),2071
2072,Mehndipatnam(Rythu Bazar),2072
2073,Surat,2073
2074,Kalpetta,2074
2075,Kattappana,2075
2076,Kollam,2076
2077,Erragadda(Rythu Bazar),2077
2078,Mehndipatnam(Rythu Bazar),2078
2079,Surat,2079
2080,Kalpetta,2080
2081,Kattappana,2081
2082,Kollam,2082
2083,Erragadda(Rythu Bazar),2083
2084,Mehndipatnam(Rythu Bazar),2084
2085,Surat,2085
2086,Kalpetta,2086
2087,Kattappana,2087
2088,Kollam,2088
2089,Erragadda(Rythu Bazar),2089
2090,Mehndipatnam(Rythu Bazar),2090
2091,Surat,2091
2092,Kalpetta,2092
2093,Kattappana,2093
2094,Kollam,2094
2095,Erragadda(Rythu Bazar),2095
2096,Mehndipatnam(Rythu Bazar),2096
2097,Surat,2097
2098,Kalpetta,2098
2099,Kattappana,2099
2100,Kollam,2100
2101,Erragadda(Rythu Bazar),2101
2102,Mehndipatnam(Rythu Bazar),2102
2103,Surat,2103
2104,Kalpetta,2104
2105,Kattappana,2105
2106,Kollam,2106
2107,Erragadda(Rythu Bazar),2107
2108,Mehndipatnam(Rythu Bazar),2108
2109,Surat,2109
2110,Kalpetta,2110
2111,Kattappana,2111
2112,Kollam,2112
2113,Erragadda(Rythu Bazar),2113
2114,Mehndipatnam(Rythu Bazar),2114
2115,Surat,2115
2116,Kalpetta,2116
2117,Kattappana,2117
2118,Kollam,2118
2119,Erragadda(Rythu Bazar),2119
2120,Mehndipatnam(Rythu Bazar),2120
2121,Surat,2121
2122,Kalpetta,2122
2123,Kattappana,2123
2124,Kollam,2124
2125,Erragadda(Rythu Bazar),2125
2126,Mehndipatnam(Rythu Bazar),2126
2127,Surat,2127
2128,Kalpetta,2128
2129,Kattappana,2129
2130,Kollam,2130
2131,Erragadda(Rythu Bazar),2131
2132,Mehndipatnam(Rythu Bazar),2132
2133,Surat,2133
2134,Kalpetta,2134
2135,Kattappana,2135
2136,Kollam,2136
2137,Erragadda(Rythu Bazar),2137
2138,Mehndipatnam(Rythu Bazar),2138
2139,Surat,2139
2140,Kalpetta,2140
2141,Kattappana,2141
2142,Kollam,2142
2143,Erragadda(Rythu Bazar),2143
2144,Mehndipatnam(Rythu Bazar),2144
2145,Surat,2145
2146,Kalpetta,2146
2147,Kattappana,2147
2148,Kollam,2148
2149,Erragadda(Rythu Bazar),2149
2150,Mehndipatnam(Rythu Bazar),2150
2151,Surat,2151
2152,Kalpetta,2152
2153,Kattappana,2153
2154,Kollam,2154
2155,Erragadda(Rythu Bazar),2155
2156,Mehndipatnam(Rythu Bazar),2156
2157,Surat,2157
2158,Kalpetta,2158
2159,Kattappana,2159
2160,Kollam,2160
2161,Erragadda(Rythu Bazar),2161
2162,Mehndipatnam(Rythu Bazar),2162
2163,Surat,2163
2164,Kalpetta,2164
2165,Kattappana,2165
2166,Kollam,2166
2167,Erragadda(Rythu Bazar),2167
2168,Mehndipatnam(Rythu Bazar),2168
2169,Surat,2169
2170,Kalpetta,2170
2171,Kattappana,2171
2172,Kollam,2172
2173,Erragadda(Rythu Bazar),2173
2174,Mehndipatnam(Rythu Bazar),2174
2175,Surat,2175
2176,Kalpetta,2176
2177,Kattappana,2177
2178,Kollam,2178
2179,Erragadda(Rythu Bazar),2179
2180,Mehndipatnam(Rythu Bazar),2180
2181,Surat,2181
2182,Kalpetta,2182
2183,Kattappana,2183
2184,Kollam,2184
2185,Erragadda(Rythu Bazar),2185
2186,Mehndipatnam(Rythu Bazar),2186
2187,Surat,2187
2188,Kalpetta,2188
2189,Kattappana,2189
2190,Kollam,2190
2191,Erragadda(Rythu Bazar),2191
2192,Mehndipatnam(Rythu Bazar),2192
2193,Surat,2193
2194,Kalpetta,2194
2195,Kattappana,2195
2196,Kollam,2196
2197,Erragadda(Rythu Bazar),2197
2198,Mehndipatnam(Rythu Bazar),2198
2199,Surat,2199
2200,Kalpetta,2200
2201,Kattappana,2201
2202,Kollam,2202
2203,Erragadda(Rythu Bazar),2203
2204,Mehndipatnam(Rythu Bazar),2204
2205,Surat,2205
2206,Kalpetta,2206
2207,Kattappana,2207
2208,Kollam,2208
2209,Erragadda(Rythu Bazar),2209
2210,Mehndipatnam(Rythu Bazar),2210
2211,Surat,2211
2212,Kalpetta,2212
2213,Kattappana,2213
2214,Kollam,2214
2215,Erragadda(Rythu Bazar),2215
2216,Mehndipatnam(Rythu Bazar),2216
2217,Surat,2217
2218,Kalpetta,2218
2219,Kattappana,2219
2220,Kollam,2220
2221,Erragadda(Rythu Bazar),2221
2222,Mehndipatnam(Rythu Bazar),2222
2223,Surat,2223
2224,Kalpetta,2224
2225,Kattappana,2225
2226,Kollam,2226
2227,Erragadda(Rythu Bazar),2227
2228,Mehndipatnam(Rythu Bazar),2228
2229,Surat,2229
2230,Kalpetta,2230
2231,Kattappana,2231
2232,Kollam,2232
2233,Erragadda(Rythu Bazar),2233
2234,Mehndipatnam(Rythu Bazar),2234
2235,Surat,2235
2236,Kalpetta,2236
2237,Kattappana,2237
2238,Kollam,2238
2239,Erragadda(Rythu Bazar),2239
2240,Mehndipatnam(Rythu Bazar),2240
2241,Surat,2241
2242,Kalpetta,2242
2243,Kattappana,2243
2244,Kollam,2244
2245,Erragadda(Rythu Bazar),2245
2246,Mehndipatnam(Rythu Bazar),2246
2247,Surat,2247
2248,Kalpetta,2248
2249,Kattappana,2249
2250,Kollam,2250
2251,Erragadda(Rythu Bazar),2251
2252,Mehndipatnam(Rythu Bazar),2252
2253,Surat,2253
2254,Kalpetta,2254
2255,Kattappana,2255
2256,Kollam,2256
2257,Erragadda(Rythu Bazar),2257
2258,Mehndipatnam(Rythu Bazar),2258
2259,Surat,2259
2260,Kalpetta,2260
2261,Kattappana,2261
2262,Kollam,2262
2263,Erragadda(Rythu Bazar),2263
2264,Mehndipatnam(Rythu Bazar),2264
2265,Surat,2265
2266,Kalpetta,2266
2267,Kattappana,2267
2268,Kollam,2268
2269,Erragadda(Rythu Bazar),2269
2270,Mehndipatnam(Rythu Bazar),2270
2271,Surat,2271
2272,Kalpetta,2272
2273,Kattappana,2273
2274,Kollam,2274
2275,Erragadda(Rythu Bazar),2275
2276,Mehndipatnam(Rythu Bazar),2276
2277,Surat,2277
2278,Kalpetta,2278
2279,Kattappana,2279
2280,Kollam,2280
2281,Erragadda(Rythu Bazar),2281
2282,Mehndipatnam(Rythu Bazar),2282
2283,Surat,2283
2284,Kalpetta,2284
2285,Kattappana,2285
2286,Kollam,2286
2287,Erragadda(Rythu Bazar),2287
2288,Mehndipatnam(Rythu Bazar),2288
2289,Surat,2289
2290,Kalpetta,2290
2291,Kattappana,2291
2292,Kollam,2292
2293,Erragadda(Rythu Bazar),2293
2294,Mehndipatnam(Rythu Bazar),2294
2295,Surat,2295
2296,Kalpetta,2296
2297,Kattappana,2297
2298,Kollam,2298
2299,Erragadda(Rythu Bazar),2299
2300,Mehndipatnam(Rythu Bazar),2300
2301,Surat,2301
2302,Kalpetta,2302
2303,Kattappana,2303
2304,Kollam,2304
2305,Erragadda(Rythu Bazar),2305
2306,Mehndipatnam(Rythu Bazar),2306
2307,Surat,2307
2308,Kalpetta,2308
2309,Kattappana,2309
2310,Kollam,2310
2311,Erragadda(Rythu Bazar),2311
2312,Mehndipatnam(Rythu Bazar),2312
2313,Surat,2313
2314,Kalpetta,2314
2315,Kattappana,2315
2316,Kollam,2316
2317,Erragadda(Rythu Bazar),2317
2318,Mehndipatnam(Rythu Bazar),2318
2319,Surat,2319
2320,Kalpetta,2320
2321,Kattappana,2321
2322,Kollam,2322
2323,Erragadda(Rythu Bazar),2323
2324,Mehndipatnam(Rythu Bazar),2324
2325,Surat,2325
2326,Kalpetta,2326
2327,Kattappana,2327
2328,Kollam,2328
2329,Erragadda(Rythu Bazar),2329
2330,Mehndipatnam(Rythu Bazar),2330
2331,Surat,2331
2332,Kalpetta,2332
2333,Kattappana,2333
2334,Kollam,2334
2335,Erragadda(Rythu Bazar),2335
2336,Mehndipatnam(Rythu Bazar),2336
2337,Surat,2337
2338,Kalpetta,2338
2339,Kattappana,2339
2340,Kollam,2340
2341,Erragadda(Rythu Bazar),2341
2342,Mehndipatnam(Rythu Bazar),2342
2343,Surat,2343
2344,Kalpetta,2344
2345,Kattappana,2345
2346,Kollam,2346
2347,Erragadda(Rythu Bazar),2347
2348,Mehndipatnam(Rythu Bazar),2348
2349,Surat,2349
2350,Kalpetta,2350
2351,Kattappana,2351
2352,Kollam,2352
2353,Erragadda(Rythu Bazar),2353
2354,Mehndipatnam(Rythu Bazar),2354
2355,Surat,2355
2356,Kalpetta,2356
2357,Kattappana,2357
2358,Kollam,2358
2359,Erragadda(Rythu Bazar),2359
2360,Mehndipatnam(Rythu Bazar),2360
2361,Surat,2361
2362,Kalpetta,2362
2363,Kattappana,2363
2364,Kollam,2364
2365,Erragadda(Rythu Bazar),2365
2366,Mehndipatnam(Rythu Bazar),2366
2367,Surat,2367
2368,Kalpetta,2368
2369,Kattappana,2369
2370,Kollam,2370
2371,Erragadda(Rythu Bazar),2371
2372,Mehndipatnam(Rythu Bazar),2372
2373,Surat,2373
2374,Kalpetta,2374
2375,Kattappana,2375
2376,Kollam,2376
2377,Erragadda(Rythu Bazar),2377
2378,Mehndipatnam(Rythu Bazar),2378
2379,Surat,2379
2380,Kalpetta,2380
2381,Kattappana,2381
2382,Kollam,2382
2383,Erragadda(Rythu Bazar),2383
2384,Mehndipatnam(Rythu Bazar),2384
2385,Surat,2385
2386,Kalpetta,2386
2387,Kattappana,2387
2388,Kollam,2388
2389,Erragadda(Rythu Bazar),2389
2390,Mehndipatnam(Rythu Bazar),2390
2391,Surat,2391
2392,Kalpetta,2392
2393,Kattappana,2393
2394,Kollam,2394
2395,Erragadda(Rythu Bazar),2395
2396,Mehndipatnam(Rythu Bazar),2396
2397,Surat,2397
2398,Kalpetta,2398
2399,Kattappana,2399
2400,Kollam,2400
2401,Erragadda(Rythu Bazar),2401
2402,Mehndipatnam(Rythu Bazar),2402
2403,Surat,2403
2404,Kalpetta,2404
2405,Kattappana,2405
2406,Kollam,2406
2407,Erragadda(Rythu Bazar),2407
2408,Mehndipatnam(Rythu Bazar),2408
2409,Surat,2409
2410,Kalpetta,2410
2411,Kattappana,2411
2412,Kollam,2412
2413,Erragadda(Rythu Bazar),2413
2414,Mehndipatnam(Rythu Bazar),2414
2415,Surat,2415
2416,Kalpetta,2416
2417,Kattappana,2417
2418,Kollam,2418
2419,Erragadda(Rythu Bazar),2419
2420,Mehndipatnam(Rythu Bazar),2420
2421,Surat,2421
2422,Kalpetta,2422
2423,Kattappana,2423
2424,Kollam,2424
2425,Erragadda(Rythu Bazar),2425
2426,Mehndipatnam(Rythu Bazar),2426
2427,Surat,2427
2428,Kalpetta,2428
2429,Kattappana,2429
2430,Kollam,2430
2431,Erragadda(Rythu Bazar),2431
2432,Mehndipatnam(Rythu Bazar),2432
2433,Surat,2433
2434,Kalpetta,2434
2435,Kattappana,2435
2436,Kollam,2436
2437,Erragadda(Rythu Bazar),2437
2438,Mehndipatnam(Rythu Bazar),2438
2439,Surat,2439
2440,Kalpetta,2440
2441,Kattappana,2441
2442,Kollam,2442
2443,Erragadda(Rythu Bazar),2443
2444,Mehndipatnam(Rythu Bazar),2444
2445,Surat,2445
2446,Kalpetta,2446
2447,Kattappana,2447
2448,Kollam,2448
2449,Erragadda(Rythu Bazar),2449
2450,Mehndipatnam(Rythu Bazar),2450
2451,Surat,2451
2452,Kalpetta,2452
2453,Kattappana,2453
2454,Kollam,2454
2455,Erragadda(Rythu Bazar),2455
2456,Mehndipatnam(Rythu Bazar),2456
2457,Surat,2457
2458,Kalpetta,2458
2459,Kattappana,2459
2460,Kollam,2460
2461,Erragadda(Rythu Bazar),2461
2462,Mehndipatnam(Rythu Bazar),2462
2463,Surat,2463
2464,Kalpetta,2464
2465,Kattappana,2465
2466,Kollam,2466
2467,Erragadda(Rythu Bazar),2467
2468,Mehndipatnam(Rythu Bazar),2468
2469,Surat,2469
2470,Kalpetta,2470
2471,Kattappana,2471
2472,Kollam,2472
2473,Erragadda(Rythu Bazar),2473
2474,Mehndipatnam(Rythu Bazar),2474
2475,Surat,2475
2476,Kalpetta,2476
2477,Kattappana,2477
2478,Kollam,2478
2479,Erragadda(Rythu Bazar),2479
2480,Mehndipatnam(Rythu Bazar),2480
2481,Surat,2481
2482,Kalpetta,2482
2483,Kattappana,2483
2484,Kollam,2484
2485,Erragadda(Rythu Bazar),2485
2486,Mehndipatnam(Rythu Bazar),2486
2487,Surat,2487
2488,Kalpetta,2488
2489,Kattappana,2489
2490,Kollam,2490
2491,Erragadda(Rythu Bazar),2491
2492,Mehndipatnam(Rythu Bazar),2492
2493,Surat,2493
2494,Kalpetta,2494
2495,Kattappana,2495
2496,Kollam,2496
2497,Erragadda(Rythu Bazar),2497
2498,Mehndipatnam(Rythu Bazar),2498
2499,Surat,2499
2500,Kalpetta,2500
2501,Kattappana,2501
2502,Kollam,2502
2503,Erragadda(Rythu Bazar),2503
2504,Mehndipatnam(Rythu Bazar),2504
2505,Surat,2505
2506,Kalpetta,2506
2507,Kattappana,2507
2508,Kollam,2508
2509,Erragadda(Rythu Bazar),2509
2510,Mehndipatnam(Rythu Bazar),2510
2511,Surat,2511
2512,Kalpetta,2512
2513,Kattappana,2513
2514,Kollam,2514
2515,Erragadda(Rythu Bazar),2515
2516,Mehndipatnam(Rythu Bazar),2516
2517,Surat,2517
2518,Kalpetta,2518
2519,Kattappana,2519
2520,Kollam,2520
2521,Erragadda(Rythu Bazar),2521
2522,Mehndipatnam(Rythu Bazar),2522
2523,Surat,2523
2524,Kalpetta,2524
2525,Kattappana,2525
2526,Kollam,2526
2527,Erragadda(Rythu Bazar),2527
2528,Mehndipatnam(Rythu Bazar),2528
2529,Surat,2529
2530,Kalpetta,2530
2531,Kattappana,2531
2532,Kollam,2532
2533,Erragadda(Rythu Bazar),2533
2534,Mehndipatnam(Rythu Bazar),2534
2535,Surat,2535
2536,Kalpetta,2536
2537,Kattappana,2537
2538,Kollam,2538
2539,Erragadda(Rythu Bazar),2539
2540,Mehndipatnam(Rythu Bazar),2540
2541,Surat,2541
2542,Kalpetta,2542
2543,Kattappana,2543
2544,Kollam,2544
2545,Erragadda(Rythu Bazar),2545
2546,Mehndipatnam(Rythu Bazar),2546
2547,Surat,2547
2548,Kalpetta,2548
2549,Kattappana,2549
2550,Kollam,2550
2551,Erragadda(Rythu Bazar),2551
2552,Mehndipatnam(Rythu Bazar),2552
2553,Surat,2553
2554,Kalpetta,2554
2555,Kattappana,2555
2556,Kollam,2556
2557,Erragadda(Rythu Bazar),2557
2558,Mehndipatnam(Rythu Bazar),2558
2559,Surat,2559
2560,Kalpetta,2560
2561,Kattappana,2561
2562,Kollam,2562
2563,Erragadda(Rythu Bazar),2563
2564,Mehndipatnam(Rythu Bazar),2564
2565,Surat,2565
2566,Kalpetta,2566
2567,Kattappana,2567
2568,Kollam,2568
2569,Erragadda(Rythu Bazar),2569
2570,Mehndipatnam(Rythu Bazar),2570
2571,Surat,2571
2572,Kalpetta,2572
2573,Kattappana,2573
2574,Kollam,2574
2575,Erragadda(Rythu Bazar),2575
2576,Mehndipatnam(Rythu Bazar),2576
2577,Surat,2577
2578,Kalpetta,2578
2579,Kattappana,2579
2580,Kollam,2580
2581,Erragadda(Rythu Bazar),2581
2582,Mehndipatnam(Rythu Bazar),2582
2583,Surat,2583
2584,Kalpetta,2584
2585,Kattappana,2585
2586,Kollam,2586
2587,Erragadda(Rythu Bazar),2587
2588,Mehndipatnam(Rythu Bazar),2588
2589,Surat,2589
2590,Kalpetta,2590
2591,Kattappana,2591
2592,Kollam,2592
2593,Erragadda(Rythu Bazar),2593
2594,Mehndipatnam(Rythu Bazar),2594
2595,Surat,2595
2596,Kalpetta,2596
2597,Kattappana,2597
2598,Kollam,2598
2599,Erragadda(Rythu Bazar),2599
2600,Mehndipatnam(Rythu Bazar),2600
2601,Surat,2601
2602,Kalpetta,2602
2603,Kattappana,2603
2604,Kollam,2604
2605,Erragadda(Rythu Bazar),2605
2606,Mehndipatnam(Rythu Bazar),2606
2607,Surat,2607
2608,Kalpetta,2608
2609,Kattappana,2609
2610,Kollam,2610
2611,Erragadda(Rythu Bazar),2611
2612,Mehndipatnam(Rythu Bazar),2612
2613,Surat,2613
2614,Kalpetta,2614
2615,Kattappana,2615
2616,Kollam,2616
2617,Erragadda(Rythu Bazar),2617
2618,Mehndipatnam(Rythu Bazar),2618
2619,Surat,2619
2620,Kalpetta,2620
2621,Kattappana,2621
2622,Kollam,2622
2623,Erragadda(Rythu Bazar),2623
2624,Mehndipatnam(Rythu Bazar),2624
2625,Surat,2625
2626,Kalpetta,2626
2627,Kattappana,2627
2628,Kollam,2628
2629,Erragadda(Rythu Bazar),2629
2630,Mehndipatnam(Rythu Bazar),2630
2631,Surat,2631
2632,Kalpetta,2632
2633,Kattappana,2633
2634,Kollam,2634
2635,Erragadda(Rythu Bazar),2635
2636,Mehndipatnam(Rythu Bazar),2636
2637,Surat,2637
2638,Kalpetta,2638
2639,Kattappana,2639
2640,Kollam,2640
2641,Erragadda(Rythu Bazar),2641
2642,Mehndipatnam(Rythu Bazar),2642
2643,Surat,2643
2644,Kalpetta,2644
2645,Kattappana,2645
2646,Kollam,2646
2647,Erragadda(Rythu Bazar),2647
2648,Mehndipatnam(Rythu Bazar),2648
2649,Surat,2649
2650,Kalpetta,2650
2651,Kattappana,2651
2652,Kollam,2652
2653,Erragadda(Rythu Bazar),2653
2654,Mehndipatnam(Rythu Bazar),2654
2655,Surat,2655
2656,Kalpetta,2656
2657,Kattappana,2657
2658,Kollam,2658
2659,Erragadda(Rythu Bazar),2659
2660,Mehndipatnam(Rythu Bazar),2660
2661,Surat,2661
2662,Kalpetta,2662
2663,Kattappana,2663
2664,Kollam,2664
2665,Erragadda(Rythu Bazar),2665
2666,Mehndipatnam(Rythu Bazar),2666
2667,Surat,2667
2668,Kalpetta,2668
2669,Kattappana,2669
2670,Kollam,2670
2671,Erragadda(Rythu Bazar),2671
2672,Mehndipatnam(Rythu Bazar),2672
2673,Surat,2673
2674,Kalpetta,2674
2675,Kattappana,2675
2676,Kollam,2676
2677,Erragadda(Rythu Bazar),2677
2678,Mehndipatnam(Rythu Bazar),2678
2679,Surat,2679
2680,Kalpetta,2680
2681,Kattappana,2681
2682,Kollam,2682
2683,Erragadda(Rythu Bazar),2683
2684,Mehndipatnam(Rythu Bazar),2684
2685,Surat,2685
2686,Kalpetta,2686
2687,Kattappana,2687
2688,Kollam,2688
2689,Erragadda(Rythu Bazar),2689
2690,Mehndipatnam(Rythu Bazar),2690
2691,Surat,2691
2692,Kalpetta,2692
2693,Kattappana,2693
2694,Kollam,2694
2695,Erragadda(Rythu Bazar),2695
2696,Mehndipatnam(Rythu Bazar),2696
2697,Surat,2697
2698,Kalpetta,2698
2699,Kattappana,2699
2700,Kollam,2700
2701,Erragadda(Rythu Bazar),2701
2702,Mehndipatnam(Rythu Bazar),2702
2703,Surat,2703
2704,Kalpetta,2704
2705,Kattappana,2705
2706,Kollam,2706
2707,Erragadda(Rythu Bazar),2707
2708,Mehndipatnam(Rythu Bazar),2708
2709,Surat,2709
2710,Kalpetta,2710
2711,Kattappana,2711
2712,Kollam,2712
2713,Erragadda(Rythu Bazar),2713
2714,Mehndipatnam(Rythu Bazar),2714
2715,Surat,2715
2716,Kalpetta,2716
2717,Kattappana,2717
2718,Kollam,2718
2719,Erragadda(Rythu Bazar),2719
2720,Mehndipatnam(Rythu Bazar),2720
2721,Surat,2721
2722,Kalpetta,2722
2723,Kattappana,2723
2724,Kollam,2724
2725,Erragadda(Rythu Bazar),2725
2726,Mehndipatnam(Rythu Bazar),2726
2727,Surat,2727
2728,Kalpetta,2728
2729,Kattappana,2729
2730,Kollam,2730
2731,Erragadda(Rythu Bazar),2731
2732,Mehndipatnam(Rythu Bazar),2732
2733,Surat,2733
2734,Kalpetta,2734
2735,Kattappana,2735
2736,Kollam,2736
2737,Erragadda(Rythu Bazar),2737
2738,Mehndipatnam(Rythu Bazar),2738
2739,Surat,2739
2740,Kalpetta,2740
2741,Kattappana,2741
2742,Kollam,2742
2743,Erragadda(Rythu Bazar),2743
2744,Mehndipatnam(Rythu Bazar),2744
2745,Surat,2745
2746,Kalpetta,2746
2747,Kattappana,2747
2748,Kollam,2748
2749,Erragadda(Rythu Bazar),2749
2750,Mehndipatnam(Rythu Bazar),2750
2751,Surat,2751
2752,Kalpetta,2752
2753,Kattappana,2753
2754,Kollam,2754
2755,Erragadda(Rythu Bazar),2755
2756,Mehndipatnam(Rythu Bazar),2756
2757,Surat,2757
2758,Kalpetta,2758
2759,Kattappana,2759
2760,Kollam,2760
2761,Erragadda(Rythu Bazar),2761
2762,Mehndipatnam(Rythu Bazar),2762
2763,Surat,2763
2764,Kalpetta,2764
2765,Kattappana,2765
2766,Kollam,2766
2767,Erragadda(Rythu Bazar),2767
2768,Mehndipatnam(Rythu Bazar),2768
2769,Surat,2769
2770,Kalpetta,2770
2771,Kattappana,2771
2772,Kollam,2772
2773,Erragadda(Rythu Bazar),2773
2774,Mehndipatnam(Rythu Bazar),2774
2775,Surat,2775
2776,Kalpetta,2776
2777,Kattappana,2777
2778,Kollam,2778
2779,Erragadda(Rythu Bazar),2779
2780,Mehndipatnam(Rythu Bazar),2780
2781,Surat,2781
2782,Kalpetta,2782
2783,Kattappana,2783
2784,Kollam,2784
2785,Erragadda(Rythu Bazar),2785
2786,Mehndipatnam(Rythu Bazar),2786
2787,Surat,2787
2788,Kalpetta,2788
2789,Kattappana,2789
2790,Kollam,2790
2791,Erragadda(Rythu Bazar),2791
2792,Mehndipatnam(Rythu Bazar),2792
2793,Surat,2793
2794,Kalpetta,2794
2795,Kattappana,2795
2796,Kollam,2796
2797,Erragadda(Rythu Bazar),2797
2798,Mehndipatnam(Rythu Bazar),2798
2799,Surat,2799
2800,Kalpetta,2800
2801,Kattappana,2801
2802,Kollam,2802
2803,Erragadda(Rythu Bazar),2803
2804,Mehndipatnam(Rythu Bazar),2804
2805,Surat,2805
2806,Kalpetta,2806
2807,Kattappana,2807
2808,Kollam,2808
2809,Erragadda(Rythu Bazar),2809
2810,Mehndipatnam(Rythu Bazar),2810
2811,Surat,2811
2812,Kalpetta,2812
2813,Kattappana,2813
2814,Kollam,2814
2815,Erragadda(Rythu Bazar),2815
2816,Mehndipatnam(Rythu Bazar),2816
2817,Surat,2817
2818,Kalpetta,2818
2819,Kattappana,2819
2820,Kollam,2820
2821,Erragadda(Rythu Bazar),2821
2822,Mehndipatnam(Rythu Bazar),2822
2823,Surat,2823
2824,Kalpetta,2824
2825,Kattappana,2825
2826,Kollam,2826
2827,Erragadda(Rythu Bazar),2827
2828,Mehndipatnam(Rythu Bazar),2828
2829,Surat,2829
2830,Kalpetta,2830
2831,Kattappana,2831
2832,Kollam,2832
2833,Erragadda(Rythu Bazar),2833
2834,Mehndipatnam(Rythu Bazar),2834
2835,Surat,2835
2836,Kalpetta,2836
2837,Kattappana,2837
2838,Kollam,2838
2839,Erragadda(Rythu Bazar),2839
2840,Mehndipatnam(Rythu Bazar),2840
2841,Surat,2841
2842,Kalpetta,2842
2843,Kattappana,2843
2844,Kollam,2844
2845,Erragadda(Rythu Bazar),2845
2846,Mehndipatnam(Rythu Bazar),2846
2847,Surat,2847
2848,Kalpetta,2848
2849,Kattappana,2849
2850,Kollam,2850
2851,Erragadda(Rythu Bazar),2851
2852,Mehndipatnam(Rythu Bazar),2852
2853,Surat,2853
2854,Kalpetta,2854
2855,Kattappana,2855
2856,Kollam,2856
2857,Erragadda(Rythu Bazar),2857
2858,Mehndipatnam(Rythu Bazar),2858
2859,Surat,2859
2860,Kalpetta,2860
2861,Kattappana,2861
2862,Kollam,2862
2863,Erragadda(Rythu Bazar),2863
2864,Mehndipatnam(Rythu Bazar),2864
2865,Surat,2865
2866,Kalpetta,2866
2867,Kattappana,2867
2868,Kollam,2868
2869,Erragadda(Rythu Bazar),2869
2870,Mehndipatnam(Rythu Bazar),2870
2871,Surat,2871
2872,Kalpetta,2872
2873,Kattappana,2873
2874,Kollam,2874
2875,Erragadda(Rythu Bazar),2875
2876,Mehndipatnam(Rythu Bazar),2876
2877,Surat,2877
2878,Kalpetta,2878
2879,Kattappana,2879
2880,Kollam,2880
2881,Erragadda(Rythu Bazar),2881
2882,Mehndipatnam(Rythu Bazar),2882
2883,Surat,2883
2884,Kalpetta,2884
2885,Kattappana,2885
2886,Kollam,2886
2887,Erragadda(Rythu Bazar),2887
2888,Mehndipatnam(Rythu Bazar),2888
2889,Surat,2889
2890,Kalpetta,2890
2891,Kattappana,2891
2892,Kollam,2892
2893,Erragadda(Rythu Bazar),2893
2894,Mehndipatnam(Rythu Bazar),2894
2895,Surat,2895
2896,Kalpetta,2896
2897,Kattappana,2897
2898,Kollam,2898
2899,Erragadda(Rythu Bazar),2899
2900,Mehndipatnam(Rythu Bazar),2900
2901,Surat,2901
2902,Kalpetta,2902
2903,Kattappana,2903
2904,Kollam,2904
2905,Erragadda(Rythu Bazar),2905
2906,Mehndipatnam(Rythu Bazar),2906
2907,Surat,2907
2908,Kalpetta,2908
2909,Kattappana,2909
2910,Kollam,2910
2911,Erragadda(Rythu Bazar),2911
2912,Mehndipatnam(Rythu Bazar),2912
2913,Surat,2913
2914,Kalpetta,2914
2915,Kattappana,2915
2916,Kollam,2916
2917,Erragadda(Rythu Bazar),2917
2918,Mehndipatnam(Rythu Bazar),2918
2919,Surat,2919
2920,Kalpetta,2920
2921,Kattappana,2921
2922,Kollam,2922
2923,Erragadda(Rythu Bazar),2923
2924,Mehndipatnam(Rythu Bazar),2924
2925,Surat,2925
2926,Kalpetta,2926
2927,Kattappana,2927
2928,Kollam,2928
2929,Erragadda(Rythu Bazar),2929
2930,Mehndipatnam(Rythu Bazar),2930
2931,Surat,2931
2932,Kalpetta,2932
2933,Kattappana,2933
2934,Kollam,2934
2935,Erragadda(Rythu Bazar),2935
2936,Mehndipatnam(Rythu Bazar),2936
2937,Surat,2937
2938,Kalpetta,2938
2939,Kattappana,2939
2940,Kollam,2940
2941,Erragadda(Rythu Bazar),2941
2942,Mehndipatnam(Rythu Bazar),2942
2943,Surat,2943
2944,Kalpetta,2944
2945,Kattappana,2945
2946,Kollam,2946
2947,Erragadda(Rythu Bazar),2947
2948,Mehndipatnam(Rythu Bazar),2948
2949,Surat,2949
2950,Kalpetta,2950
2951,Kattappana,2951
2952,Kollam,2952
2953,Erragadda(Rythu Bazar),2953
2954,Mehndipatnam(Rythu Bazar),2954
2955,Surat,2955
2956,Kalpetta,2956
2957,Kattappana,2957
2958,Kollam,2958
2959,Erragadda(Rythu Bazar),2959
2960,Mehndipatnam(Rythu Bazar),2960
2961,Surat,2961
2962,Kalpetta,2962
2963,Kattappana,2963
2964,Kollam,2964
2965,Erragadda(Rythu Bazar),2965
2966,Mehndipatnam(Rythu Bazar),2966
2967,Surat,2967
2968,Kalpetta,2968
2969,Kattappana,2969
2970,Kollam,2970
2971,Erragadda(Rythu Bazar),2971
2972,Mehndipatnam(Rythu Bazar),2972
2973,Surat,2973
2974,Kalpetta,2974
2975,Kattappana,2975
2976,Kollam,2976
2977,Erragadda(Rythu Bazar),2977
2978,Mehndipatnam(Rythu Bazar),2978
2979,Surat,2979
2980,Kalpetta,2980
2981,Kattappana,2981
2982,Kollam,2982
2983,Erragadda(Rythu Bazar),2983
2984,Mehndipatnam(Rythu Bazar),2984
2985,Surat,2985
2986,Kalpetta,2986
2987,Kattappana,2987
2988,Kollam,2988
2989,Erragadda(Rythu Bazar),2989
2990,Mehndipatnam(Rythu Bazar),2990
2991,Surat,2991
2992,Kalpetta,2992
2993,Kattappana,2993
2994,Kollam,2994
2995,Erragadda(Rythu Bazar),2995
2996,Mehndipatnam(Rythu Bazar),2996
2997,Surat,2997
2998,Kalpetta,2998
2999,Kattappana,2999
3000,Kollam,3000
3001,Erragadda(Rythu Bazar),3001
3002,Mehndipatnam(Rythu Bazar),3002
3003,Surat,3003
3004,Kalpetta,3004
3005,Kattappana,3005
3006,Kollam,3006
3007,Erragadda(Rythu Bazar),3007
3008,Mehndipatnam(Rythu Bazar),3008
3009,Surat,3009
3010,Kalpetta,3010
3011,Kattappana,3011
3012,Kollam,3012
3013,Erragadda(Rythu Bazar),3013
3014,Mehndipatnam(Rythu Bazar),3014
3015,Surat,3015
3016,Kalpetta,3016
3017,Kattappana,3017
3018,Kollam,3018
3019,Erragadda(Rythu Bazar),3019
3020,Mehndipatnam(Rythu Bazar),3020
3021,Surat,3021
3022,Kalpetta,3022
3023,Kattappana,3023
3024,Kollam,3024
3025,Erragadda(Rythu Bazar),3025
3026,Mehndipatnam(Rythu Bazar),3026
3027,Surat,3027
3028,Kalpetta,3028
3029,Kattappana,3029
3030,Kollam,3030
3031,Erragadda(Rythu Bazar),3031
3032,Mehndipatnam(Rythu Bazar),3032
3033,Surat,3033
3034,Kalpetta,3034
3035,Kattappana,3035
3036,Kollam,3036
3037,Erragadda(Rythu Bazar),3037
3038,Mehndipatnam(Rythu Bazar),3038
3039,Surat,3039
3040,Kalpetta,3040
3041,Kattappana,3041
3042,Kollam,3042
3043,Erragadda(Rythu Bazar),3043
3044,Mehndipatnam(Rythu Bazar),3044
3045,Surat,3045
3046,Kalpetta,3046
3047,Kattappana,3047
3048,Kollam,3048
3049,Erragadda(Rythu Bazar),3049
3050,Mehndipatnam(Rythu Bazar),3050
3051,Surat,3051
3052,Kalpetta,3052
3053,Kattappana,3053
3054,Kollam,3054
3055,Erragadda(Rythu Bazar),3055
3056,Mehndipatnam(Rythu Bazar),3056
3057,Surat,3057
3058,Kalpetta,3058
3059,Kattappana,3059
3060,Kollam,3060
3061,Erragadda(Rythu Bazar),3061
3062,Mehndipatnam(Rythu Bazar),3062
3063,Surat,3063
3064,Kalpetta,3064
3065,Kattappana,3065
3066,Kollam,3066
3067,Erragadda(Rythu Bazar),3067
3068,Mehndipatnam(Rythu Bazar),3068
3069,Surat,3069
3070,Kalpetta,3070
3071,Kattappana,3071
3072,Kollam,3072
3073,Erragadda(Rythu Bazar),3073
3074,Mehndipatnam(Rythu Bazar),3074
3075,Surat,3075
3076,Kalpetta,3076
3077,Kattappana,3077
3078,Kollam,3078
3079,Erragadda(Rythu Bazar),3079
3080,Mehndipatnam(Rythu Bazar),3080
3081,Surat,3081
3082,Kalpetta,3082
3083,Kattappana,3083
3084,Kollam,3084
3085,Erragadda(Rythu Bazar),3085
3086,Mehndipatnam(Rythu Bazar),3086
3087,Surat,3087
3088,Kalpetta,3088
3089,Kattappana,3089
3090,Kollam,3090
3091,Erragadda(Rythu Bazar),3091
3092,Mehndipatnam(Rythu Bazar),3092
3093,Surat,3093
3094,Kalpetta,3094
3095,Kattappana,3095
3096,Kollam,3096
3097,Erragadda(Rythu Bazar),3097
3098,Mehndipatnam(Rythu Bazar),3098
3099,Surat,3099
3100,Kalpetta,3100
3101,Kattappana,3101
3102,Kollam,3102
3103,Erragadda(Rythu Bazar),3103
3104,Mehndipatnam(Rythu Bazar),3104
3105,Surat,3105
3106,Kalpetta,3106
3107,Kattappana,3107
3108,Kollam,3108
3109,Erragadda(Rythu Bazar),3109
3110,Mehndipatnam(Rythu Bazar),3110
3111,Surat,3111
3112,Kalpetta,3112
3113,Kattappana,3113
3114,Kollam,3114
3115,Erragadda(Rythu Bazar),3115
3116,Mehndipatnam(Rythu Bazar),3116
3117,Surat,3117
3118,Kalpetta,3118
3119,Kattappana,3119
3120,Kollam,3120
3121,Erragadda(Rythu Bazar),3121
3122,Mehndipatnam(Rythu Bazar),3122
3123,Surat,3123
3124,Kalpetta,3124
3125,Kattappana,3125
3126,Kollam,3126
3127,Erragadda(Rythu Bazar),3127
3128,Mehndipatnam(Rythu Bazar),3128
3129,Surat,3129
3130,Kalpetta,3130
3131,Kattappana,3131
3132,Kollam,3132
3133,Erragadda(Rythu Bazar),3133
3134,Mehndipatnam(Rythu Bazar),3134
3135,Surat,3135
3136,Kalpetta,3136
3137,Kattappana,3137
3138,Kollam,3138
3139,Erragadda(Rythu Bazar),3139
3140,Mehndipatnam(Rythu Bazar),3140
3141,Surat,3141
3142,Kalpetta,3142
3143,Kattappana,3143
3144,Kollam,3144
3145,Erragadda(Rythu Bazar),3145
3146,Mehndipatnam(Rythu Bazar),3146
3147,Surat,3147
3148,Kalpetta,3148
3149,Kattappana,3149
3150,Kollam,3150
3151,Erragadda(Rythu Bazar),3151
3152,Mehndipatnam(Rythu Bazar),3152
3153,Surat,3153
3154,Kalpetta,3154
3155,Kattappana,3155
3156,Kollam,3156
3157,Erragadda(Rythu Bazar),3157
3158,Mehndipatnam(Rythu Bazar),3158
3159,Surat,3159
3160,Kalpetta,3160
3161,Kattappana,3161
3162,Kollam,3162
3163,Erragadda(Rythu Bazar),3163
3164,Mehndipatnam(Rythu Bazar),3164
3165,Surat,3165
3166,Kalpetta,3166
3167,Kattappana,3167
3168,Kollam,3168
3169,Erragadda(Rythu Bazar),3169
3170,Mehndipatnam(Rythu Bazar),3170
3171,Surat,3171
3172,Kalpetta,3172
3173,Kattappana,3173
3174,Kollam,3174
3175,Erragadda(Rythu Bazar),3175
3176,Mehndipatnam(Rythu Bazar),3176
3177,Surat,3177
3178,Kalpetta,3178
3179,Kattappana,3179
3180,Kollam,3180
3181,Erragadda(Rythu Bazar),3181
3182,Mehndipatnam(Rythu Bazar),3182
3183,Surat,3183
3184,Kalpetta,3184
3185,Kattappana,3185
3186,Kollam,3186
3187,Erragadda(Rythu Bazar),3187
3188,Mehndipatnam(Rythu Bazar),3188
3189,Surat,3189
3190,Kalpetta,3190
3191,Kattappana,3191
3192,Kollam,3192
3193,Erragadda(Rythu Bazar),3193
3194,Mehndipatnam(Rythu Bazar),3194
3195,Surat,3195
3196,Kalpetta,3196
3197,Kattappana,3197
3198,Kollam,3198
3199,Erragadda(Rythu Bazar),3199
3200,Mehndipatnam(Rythu Bazar),3200
3201,Surat,3201
3202,Kalpetta,3202
3203,Kattappana,3203
3204,Kollam,3204
3205,Erragadda(Rythu Bazar),3205
3206,Mehndipatnam(Rythu Bazar),3206
3207,Surat,3207
3208,Kalpetta,3208
3209,Kattappana,3209
3210,Kollam,3210
3211,Erragadda(Rythu Bazar),3211
3212,Mehndipatnam(Rythu Bazar),3212
3213,Surat,3213
3214,Kalpetta,3214
3215,Kattappana,3215
3216,Kollam,3216
3217,Erragadda(Rythu Bazar),3217
3218,Mehndipatnam(Rythu Bazar),3218
3219,Surat,3219
3220,Kalpetta,3220
3221,Kattappana,3221
3222,Kollam,3222
3223,Erragadda(Rythu Bazar),3223
3224,Mehndipatnam(Rythu Bazar),3224
3225,Surat,3225
3226,Kalpetta,3226
3227,Kattappana,3227
3228,Kollam,3228
3229,Erragadda(Rythu Bazar),3229
3230,Mehndipatnam(Rythu Bazar),3230
3231,Surat,3231
3232,Kalpetta,3232
3233,Kattappana,3233
3234,Kollam,3234
3235,Erragadda(Rythu Bazar),3235
3236,Mehndipatnam(Rythu Bazar),3236
3237,Surat,3237
3238,Kalpetta,3238
3239,Kattappana,3239
3240,Kollam,3240
3241,Erragadda(Rythu Bazar),3241
3242,Mehndipatnam(Rythu Bazar),3242
3243,Surat,3243
3244,Kalpetta,3244
3245,Kattappana,3245
3246,Kollam,3246
3247,Erragadda(Rythu Bazar),3247
3248,Mehndipatnam(Rythu Bazar),3248
3249,Surat,3249
3250,Kalpetta,3250
3251,Kattappana,3251
3252,Kollam,3252
3253,Erragadda(Rythu Bazar),3253
3254,Mehndipatnam(Rythu Bazar),3254
3255,Surat,3255
3256,Kalpetta,3256
3257,Kattappana,3257
3258,Kollam,3258
3259,Erragadda(Rythu Bazar),3259
3260,Mehndipatnam(Rythu Bazar),3260
3261,Surat,3261
3262,Kalpetta,3262
3263,Kattappana,3263
3264,Kollam,3264
3265,Erragadda(Rythu Bazar),3265
3266,Mehndipatnam(Rythu Bazar),3266
3267,Surat,3267
3268,Kalpetta,3268
3269,Kattappana,3269
3270,Kollam,3270
3271,Erragadda(Rythu Bazar),3271
3272,Mehndipatnam(Rythu Bazar),3272
3273,Surat,3273
3274,Kalpetta,3274
3275,Kattappana,3275
3276,Kollam,3276
3277,Erragadda(Rythu Bazar),3277
3278,Mehndipatnam(Rythu Bazar),3278
3279,Surat,3279
3280,Kalpetta,3280
3281,Kattappana,3281
3282,Kollam,3282
3283,Erragadda(Rythu Bazar),3283
3284,Mehndipatnam(Rythu Bazar),3284
3285,Surat,3285
3286,Kalpetta,3286
3287,Kattappana,3287
3288,Kollam,3288
3289,Erragadda(Rythu Bazar),3289
3290,Mehndipatnam(Rythu Bazar),3290
3291,Surat,3291
3292,Kalpetta,3292
3293,Kattappana,3293
3294,Kollam,3294
3295,Erragadda(Rythu Bazar),3295
3296,Mehndipatnam(Rythu Bazar),3296
3297,Surat,3297
3298,Kalpetta,3298
3299,Kattappana,3299
3300,Kollam,3300
3301,Erragadda(Rythu Bazar),3301
3302,Mehndipatnam(Rythu Bazar),3302
3303,Surat,3303
3304,Kalpetta,3304
3305,Kattappana,3305
3306,Kollam,3306
3307,Erragadda(Rythu Bazar),3307
3308,Mehndipatnam(Rythu Bazar),3308
3309,Surat,3309
3310,Kalpetta,3310
3311,Kattappana,3311
3312,Kollam,3312
3313,Erragadda(Rythu Bazar),3313
3314,Mehndipatnam(Rythu Bazar),3314
3315,Surat,3315
3316,Kalpetta,3316
3317,Kattappana,3317
3318,Kollam,3318
3319,Erragadda(Rythu Bazar),3319
3320,Mehndipatnam(Rythu Bazar),3320
3321,Surat,3321
3322,Kalpetta,3322
3323,Kattappana,3323
3324,Kollam,3324
3325,Erragadda(Rythu Bazar),3325
3326,Mehndipatnam(Rythu Bazar),3326
3327,Surat,3327
3328,Kalpetta,3328
3329,Kattappana,3329
3330,Kollam,3330
3331,Erragadda(Rythu Bazar),3331
3332,Mehndipatnam(Rythu Bazar),3332
3333,Surat,3333
3334,Kalpetta,3334
3335,Kattappana,3335
3336,Kollam,3336
3337,Erragadda(Rythu Bazar),3337
3338,Mehndipatnam(Rythu Bazar),3338
3339,Surat,3339
3340,Kalpetta,3340
3341,Kattappana,3341
3342,Kollam,3342
3343,Erragadda(Rythu Bazar),3343
3344,Mehndipatnam(Rythu Bazar),3344
3345,Surat,3345
3346,Kalpetta,3346
3347,Kattappana,3347
3348,Kollam,3348
3349,Erragadda(Rythu Bazar),3349
3350,Mehndipatnam(Rythu Bazar),3350
3351,Surat,3351
3352,Kalpetta,3352
3353,Kattappana,3353
3354,Kollam,3354
3355,Erragadda(Rythu Bazar),3355
3356,Mehndipatnam(Rythu Bazar),3356
3357,Surat,3357
3358,Kalpetta,3358
3359,Kattappana,3359
3360,Kollam,3360
3361,Erragadda(Rythu Bazar),3361
3362,Mehndipatnam(Rythu Bazar),3362
3363,Surat,3363
3364,Kalpetta,3364
3365,Kattappana,3365
3366,Kollam,3366
3367,Erragadda(Rythu Bazar),3367
3368,Mehndipatnam(Rythu Bazar),3368
3369,Surat,3369
3370,Kalpetta,3370
3371,Kattappana,3371
3372,Kollam,3372
3373,Erragadda(Rythu Bazar),3373
3374,Mehndipatnam(Rythu Bazar),3374
3375,Surat,3375
3376,Kalpetta,3376
3377,Kattappana,3377
3378,Kollam,3378
3379,Erragadda(Rythu Bazar),3379
3380,Mehndipatnam(Rythu Bazar),3380
3381,Surat,3381
3382,Kalpetta,3382
3383,Kattappana,3383
3384,Kollam,3384
3385,Erragadda(Rythu Bazar),3385
3386,Mehndipatnam(Rythu Bazar),3386
3387,Surat,3387
3388,Kalpetta,3388
3389,Kattappana,3389
3390,Kollam,3390
3391,Erragadda(Rythu Bazar),3391
3392,Mehndipatnam(Rythu Bazar),3392
3393,Surat,3393
3394,Kalpetta,3394
3395,Kattappana,3395
3396,Kollam,3396
3397,Erragadda(Rythu Bazar),3397
3398,Mehndipatnam(Rythu Bazar),3398
3399,Surat,3399
3400,Kalpetta,3400
3401,Kattappana,3401
3402,Kollam,3402
3403,Erragadda(Rythu Bazar),3403
3404,Mehndipatnam(Rythu Bazar),3404
3405,Surat,3405
3406,Kalpetta,3406
3407,Kattappana,3407
3408,Kollam,3408
3409,Erragadda(Rythu Bazar),3409
3410,Mehndipatnam(Rythu Bazar),3410
3411,Surat,3411
3412,Kalpetta,3412
3413,Kattappana,3413
3414,Kollam,3414
3415,Erragadda(Rythu Bazar),3415
3416,Mehndipatnam(Rythu Bazar),3416
3417,Surat,3417
3418,Kalpetta,3418
3419,Kattappana,3419
3420,Kollam,3420
3421,Erragadda(Rythu Bazar),3421
3422,Mehndipatnam(Rythu Bazar),3422
3423,Surat,3423
3424,Kalpetta,3424
3425,Kattappana,3425
3426,Kollam,3426
3427,Erragadda(Rythu Bazar),3427
3428,Mehndipatnam(Rythu Bazar),3428
3429,Surat,3429
3430,Kalpetta,3430
3431,Kattappana,3431
3432,Kollam,3432
3433,Erragadda(Rythu Bazar),3433
3434,Mehndipatnam(Rythu Bazar),3434
3435,Surat,3435
3436,Kalpetta,3436
3437,Kattappana,3437
3438,Kollam,3438
3439,Erragadda(Rythu Bazar),3439
3440,Mehndipatnam(Rythu Bazar),3440
3441,Surat,3441